station,latitude,longitude,elevation,observed,theoretical,terrain,bouger,curv,special,freeair,complete_bouger
SW166,42.15716667,-109.15,7065,979693.64,980362.23,0.57,240.97,1.51,0,-4.43,-246.34
SW167,42.14133333,-109.1385,6920,979693.08,980360.8,0.39,236.02,1.52,0,-17.19,-254.34
SW168,42.12966667,-109.18,7150,979677.61,980359.75,0.95,243.87,1.51,0,-10,-254.43
SW169,42.122,-109.1798333,7035,979686.14,980359.05,0.18,239.94,1.52,0,-11.58,-252.86
SW170,42.13466667,-109.1983333,7075,979684.91,980360.2,0.32,241.31,1.51,0,-10.2,-252.7
SW171,42.12183333,-109.1248333,6960,979669.47,980359.04,0.52,237.39,1.52,0,-15.29,-253.67
SW172,42.11,-109.1073333,6980,979688.85,980357.98,0.55,238.07,1.52,0,-12.96,-252
SW173,42.1015,-109.0948333,6980,979690.41,980357.21,0.39,238.07,1.52,0,-10.64,-249.84
SW174,41.74666667,-109.2826667,6565,979718.46,980325.3,0.14,223.91,1.52,0,10.34,-214.95
SW175,41.75333333,-109.2623333,6493,979725.21,980325.89,0.1,221.46,1.51,0,9.73,-213.14
SW176,41.73183333,-109.2411667,6429,979727.53,980323.96,0.06,219.27,1.51,0,7.96,-212.76
SW177,41.76566667,-109.2481667,6478,979729.71,980327.01,0.03,220.95,1.51,0,11.71,-210.72
SW178,41.7855,-109.2373333,6475,979732.37,980328.79,0.18,220.84,1.51,0,12.29,-209.88
SW179,41.84583333,-109.2196667,6640,979727.96,980334.2,0.03,226.47,1.52,0,17.97,-209.99
SW180,41.87033333,-109.2135,6618,979724.29,980336.41,0.04,225.72,1.52,0,10.03,-217.17
SW181,41.90816667,-109.2003333,6626,979723.46,980339.82,0.07,225.99,1.52,0,6.55,-220.89
SW182,41.92516667,-109.1946667,6640,979722.4,980341.35,0.06,226.47,1.52,0,5.27,-222.65
SW183,41.94766667,-109.1855,6670,979720.94,980343.38,0.11,227.49,1.52,0,4.61,-224.29
SW184,41.965,-109.1983333,6710,979722.1,980344.93,0.07,228.86,1.52,0,7.97,-222.34
SW185,41.9365,-109.1553333,6720,979717.18,980342.37,0.28,229.2,1.52,0,6.55,-223.89
SW186,41.9505,-109.1515,6760,979715.64,980343.63,0.16,230.56,1.52,0,7.51,-224.41
SW187,41.96,-109.147,6868,979709.54,980344.48,0.14,234.25,1.52,0,10.7,-224.92
SW188,41.9765,-109.154,6810,979712.07,980345.96,0.45,232.27,1.52,0,6.3,-227.04
SW189,41.99166667,-109.1476667,6950,979703.07,980347.33,0.13,237.04,1.52,0,9.09,-229.34
SW190,42.00133333,-109.1311667,6923,979699.93,980348.2,0.26,236.12,1.52,0,2.54,-234.84
SW191,41.94983333,-109.1173333,6867,979707.86,980343.56,0.46,234.21,1.52,0,9.84,-225.43
SW192,41.937,-109.0851667,7288,979680.1,980342.41,0.48,248.57,1.51,0,22.8,-226.8
SW193,41.94066667,-109.0646667,7390,979671.58,980342.74,0.43,252.05,1.51,0,23.52,-229.6
SW194,41.9385,-109.0336667,7150,979685.76,980342.55,0.48,243.87,1.51,0,15.35,-229.55
SW195,41.92866667,-109.0043333,7320,979672.72,980341.66,0.41,249.66,1.51,0,19.17,-231.59
SW196,41.9245,-108.9301667,6972,979690.49,980341.28,0.27,237.79,1.52,0,4.62,-234.42
SW197,41.92033333,-108.8755,6877,979695.96,980340.91,0.14,234.55,1.52,0,1.54,-234.39
SW198,41.88916667,-108.8391667,6914,979690.89,980338.11,0.07,235.82,1.52,0,2.75,-234.52
SW199,41.86016667,-108.8371667,6970,979688.23,980335.5,0.17,237.73,1.52,0,7.95,-231.12
SW200,41.95333333,-108.9348333,7220,979674.35,980343.88,0.9,246.25,1.51,0,9.19,-237.67
SW201,41.9705,-108.9225,7321,979666.24,980345.42,1.19,249.7,1.51,0,9.02,-240.99
SW202,41.9905,-108.8673333,7188,979674.4,980347.22,0.43,245.16,1.51,0,2.89,-243.36
SW203,41.985,-108.8458333,7129,979676.92,980346.73,0.33,243.15,1.51,0,0.36,-243.97
SW204,41.99516667,-108.7903333,6980,979687.01,980347.65,0.2,238.07,1.52,0,-4.47,-243.85
SW205,41.92766667,-108.9658333,7075,979685.98,980341.57,0.37,241.31,1.51,0,9.5,-232.95
SW001,42.49633333,-108.7296667,7684,979750.82,980392.77,1.82,-262.08,-1.49,0,80.35,-181.4
sw002,42.47766667,-108.7125,7825,979737.14,980391.09,1.06,-266.89,-1.48,1,81.59,-185.72
Sw003,42.45833333,-108.6928333,7655,979739.62,980389.34,0.8,-261.09,-1.49,2,69.84,-191.94
SW004,42.44066667,-108.67,7512,979744.11,980387.76,0.9,-256.21,-1.5,3,62.49,-194.32
swOOS,42.427,-108.6526667,7380,979750.4,980386.52,0.53,-251.71,-1.51,4,57.61,-195.07
5*006,42.408,-108.6475,7395,979744.48,980384.81,0.5,-252.22,-1.51,5,54.81,-198.41
sw007,42.395,-108.6266667,7260,979747.01,980383.64,0.43,-247.62,-1.51,6,45.83,-202.86
swooa,42.381,-108.613,7296,979740.86,980382.38,0.42,-248.85,-1.51,7,44.33,-205.61
SW009,42.36183333,-108.6103333,7288,979738.48,980380.65,0.73,-248.57,-1.51,8,42.92,-206.43
SwOlO,42.384,-108.573,7302,979743.55,980382.65,0.44,-249.05,-1.51,9,47.31,-202.81
SWOll,42.36983333,-108.612,7255,979739.32,980381.37,0.58,-247.45,-1.51,10,39.94,-208.44
5*012,42.37416667,-108.5388333,7513,979728.79,980381.77,0.61,-256.25,-1.5,11,53.26,-203.88
s*013,42.35716667,-108.5258333,7524,979723.47,980380.23,0.66,-256.62,-1.5,12,50.5,-206.96
SW014,42.34216667,-108.515,7487,979721.44,980378.88,0.68,-255.36,-1.5,13,46.35,-209.83
SwOlS,42.299,-108.4516667,7223,979724.72,980374.99,0.33,-246.36,-1.51,14,28.72,-218.82
SW016,42.31083333,-108.4758333,7187,979726.73,980376.05,0.33,-245.13,-1.51,15,26.27,-220.04
5*017,42.28583333,-108.4641667,7087,979721.79,980373.8,0.54,-241.72,-1.51,16,14.2,-228.49
SW018,42.26933333,-108.4766667,7045,979710.48,980372.32,0.29,-240.28,-1.51,17,0.42,-241.09
s*019,42.26316667,-108.5033333,7123,979698.86,980371.77,0.3,-242.95,-1.51,18,-3.31,-247.47
SW020,42.26633333,-108.525,7105,979704.57,980372.05,0.44,-242.33,-1.51,19,0.42,-242.98
SW021,42.321,-108.44,7336,979720.48,980376.98,0.47,-250.21,-1.51,20,33.11,-218.14
s*022,42.336,-108.4358333,7174,979732.69,980378.33,0.57,-244.68,-1.51,21,28.75,-216.88
sw023,42.35366667,-108.4275,7276,979730.71,980379.92,0.51,-248.16,-1.51,22,34.77,-214.4
s*024,42.348,-108.4741667,7400,979724.32,980379.41,0.44,-252.39,-1.51,23,40.53,-212.92
SW025,42.20933333,-109.2236667,6842,979700.57,980366.91,0.06,-233.36,-1.52,24,-23.16,-257.97
SW026,42.19716667,-109.2103333,6813,979702.08,980365.83,0.04,-232.37,-1.52,25,-23.27,-257.12
s*027,42.18933333,-109.1646667,6912,979696.42,980365.12,0.11,-235.75,-1.52,26,-18.92,-256.08
SW028,42.17266667,-109.0895,7400,979666.07,980363.62,0.49,-252.39,-1.51,27,-1.92,-255.33
5*029,42.16666667,-109.06,7709,979646.39,980363.08,1.66,-262.93,-1.49,28,7.97,-254.79
S*030,42.14683333,-109.017,7494,979661.6,980361.29,0.57,-255.6,-1.5,29,4.77,-251.76
S*031,42.13766667,-108.9773333,7160,979685.25,980360.47,0.33,-244.21,-1.51,30,-2.14,-247.53
S w032,42.1265,-108.933,7596,979657.69,980359.46,1.98,-259.08,-1.5,31,12.27,-246.33
SW033,42.12683333,-108.8816667,7537,979666.18,980359.48,0.58,-257.07,-1.5,32,15.18,-242.8
sw034,42.114,-108.836,7506,979668.08,980358.34,0.94,-256.01,-1.5,33,15.33,-241.24
sw035,42.0835,-108.777,7220,979684.78,980355.59,0.27,-246.25,-1.51,34,7.9,-239.59
sw036,42.08116667,-108.7513333,7199,979684.9,980355.38,0.28,-245.54,-1.51,35,6.26,-240.51
SW037,42.09233333,-108.7233333,7154,979690.8,980356.38,0.27,-244,-1.51,36,6.93,-238.32
SW038,42.0915,-108.6733333,7138,979690.21,980356.31,0.56,-243.46,-1.51,37,4.91,-239.5
sw039,42.10966667,-108.67,6970,979702.82,980357.95,0.16,-237.73,-1.52,38,0.1,-238.98
SW040,42.12566667,-108.6633333,6896,979704.28,980359.39,0.12,-235.2,-1.52,39,-6.83,-243.43
SW041,42.14483333,-108.6666667,6939,979707.96,980361,0.11,-236.6,-1.52,0,-0.84,-238.91
SW042,42.181,-108.7283333,7070,979705.1,980364,0.28,-241.1,-1.51,0,5.35,-237.02
SW043,42.191,-108.7845,7120,979704.54,980365,0.29,-242.8,-1.51,0,8.59,-235.48
SW045,42.21783333,-108.7956667,7200,979701.68,980367,0.32,-245.5,-1.51,0,10.83,-235.93
SW046,42.23783333,-108.815,7323,979695.72,980369,0.54,-249.7,-1.51,0,14.62,-236.11
SW047,42.25083333,-108.815,7470,979694.57,980370,0.67,-254.7,-1.5,0,26.11,-229.5
SW048,42.25866667,-108.8246667,7440,979690.19,980371,1.1,-253.7,-1.5,0,18.21,-235.95
sw049,42.27016667,-108.8098333,7841,979667.79,980372,1.07,-267.4,-1.48,0,32.44,-235.4
SW050,42.2695,-108.8256667,7757,979669.85,980372,0.84,-264.5,-1.49,0,26.68,-238.54
SW051,42.27916667,-108.8406667,7790,979670.47,980373,0.73,-265.6,-1.48,0,29.53,-236.92
SW052,42.295,-108.8511667,7827,979673.5,980374,0.83,-266.9,-1.48,0,34.61,-233
SW053,42.30066667,-108.8628333,7687,979686.46,980375,0.75,-262.1,-1.49,0,33.91,-229.02
SW054,42.31383333,-108.8628333,7550,979699.55,980376,0.68,-257.5,-1.5,0,32.93,-225.39
SW055,42.3285,-108.8686667,7510,979695.43,980377,0.53,-256.1,-1.5,0,23.74,-233.38
SW056,42.34566667,-108.8705,7408,979712.46,980379,0.44,-252.6,-1.5,0,29.64,-224.09
SW057,42.35533333,-108.8848333,7521,979712.64,980380,0.75,-256.5,-1.5,0,39.56,-217.71
sw058,42.30483333,-108.821,8090,979665.32,980375,2.06,-275.9,-1.46,0,50.25,-225.08
SW059,42.28866667,-108.8011667,7664,979679.12,980374,0.74,-261.4,-1.49,0,25.48,-236.67
SW060,42.2905,-108.7846667,7572,979689.37,980374,0.67,-258.2,-1.5,0,26.92,-232.16
SW061,42.2965,-108.7766667,7589,979689.57,980374,0.52,-258.8,-1.5,0,28.18,-231.63
sw062,42.31083333,-108.761,7520,979698.32,980376,0.59,-256.4,-1.5,0,29.15,-228.24
SW063,42.33,-108.752,7443,979713.43,980377,0.51,-253.8,-1.5,0,35.3,-219.55
SW064,42.344,-108.7245,7353,979727.65,980379,0.49,-250.7,-1.51,0,39.81,-212
SW065,42.36516667,-108.7116667,7370,979736.71,980380,0.43,-251.3,-1.51,0,48.56,-203.89
sw066,42.34466667,-108.7751667,7355,979724.91,980379,0.43,-250.8,-1.51,0,37.19,-214.75
SW067,42.357,-108.7543333,7340,979734.12,980380,0.45,-250.3,-1.51,0,43.88,-207.52
SW068,42.36966667,-108.7258333,7381,979734.14,980381,0.44,-251.7,-1.51,0,46.62,-206.19
SW069,42.34633333,-108.8238333,7388,979720.64,980379,0.44,-251.9,-1.51,0,35.88,-217.17
sw070,42.26816667,-108.7951667,7790,979667.26,980372,0.87,-265.6,-1.48,0,27.3,-239.01
Sw07i,42.27316667,-108.7686667,7686,979675.11,980372,1.07,-262.1,-1.49,0,24.94,-237.63
s*072,42.2795,-108.7483333,7670,979674.79,980373,0.97,-261.6,-1.49,0,22.54,-239.58
sw073,42.288,-108.7325,7576,979684.71,980374,0.61,-258.4,-1.5,0,22.87,-236.41
SW074,42.28283333,-108.7178333,7667,979676.37,980373,1.03,-261.5,-1.49,0,23.53,-238.43
SW075,42.20833333,-108.7838333,7120,979702.99,980366,0.39,-242.8,-1.51,0,5.48,-238.49
SW076,42.21433333,-108.776,7192,979701.14,980367,0.28,-245.3,-1.51,0,9.85,-236.68
SW077,42.23366667,-108.7615,7200,979702.39,980369,0.34,-245.5,-1.51,0,10.11,-236.63
sw078,42.234,-108.7541667,7205,979702.25,980369,0.32,-245.7,-1.51,0,10.41,-236.52
SW079,42.23316667,-108.7525,7212,979701.5,980369,0.33,-245.9,-1.51,0,10.4,-236.77
sw080,42.235,-108.7503333,7260,979700.18,980369,0.46,-247.6,-1.51,0,13.42,-235.25
SW081,42.25066667,-108.7528333,7271,979700.89,980370,0.54,-247.9,-1.51,0,13.75,-235.21
5*082,42.21666667,-108.72,7102,979707.67,980367,0.29,-242.2,-1.51,0,7.72,-235.74
SW083,42.17333333,-108.786,7086,979705.16,980363,0.25,-241.6,-1.51,0,7.6,-235.35
5*084,42.16516667,-108.6916667,6990,979708.03,980362,0.13,-238.4,-1.52,0,2.19,-237.61
swOSS,42.16216667,-108.6516667,6938,979707.83,980362,0.12,-236.6,-1.52,0,-2.63,-240.66
sw086,42.1725,-108.6333333,6915,979710.4,980363,0.15,-235.8,-1.52,0,-3.15,-240.37
sw087,42.18466667,-108.6083333,6900,979711.78,980364,0.2,-235.3,-1.52,0,-4.27,-240.93
SWQ88,42.19683333,-108.5833333,6868,979711.72,980365,0.21,-234.2,-1.52,0,-8.43,-243.99
SM089,42.204,-108.5666667,6870,979713.07,980366,0.21,-234.3,-1.52,0,-7.54,-243.16
sv»090,42.21783333,-108.5425,6910,979711.1,980367,0.26,-235.6,-1.52,0,-6.99,-243.93
SW091,42.2345,-108.5283333,7080,979701.42,980369,0.4,-241.4,-1.51,0,-2.21,-244.8
SW092,42.24516667,-108.52,6920,979705.99,980370,0.63,-236,-1.52,0,-13.63,-250.54
SW093,42.2405,-108.5533333,7080,979702.5,980369,0.35,-241.4,-1.51,0,-1.67,-244.31
SW094,42.25916667,-108.5716667,7100,979708.15,980371,0.63,-242.1,-1.51,0,4.18,-238.87
SW095,42.26883333,-108.58,7143,979707.21,980372,0.43,-243.6,-1.51,0,6.41,-238.3
SW096,42.28633333,-108.5991667,7227,979706.47,980373,0.38,-246.4,-1.51,0,11.98,-235.64
5*097,42.28633333,-108.61,7278,979703.28,980373,0.4,-248.2,-1.51,0,13.59,-235.75
SW098,42.3035,-108.6191667,7436,979697.32,980375,0.66,-253.6,-1.5,0,20.93,-233.54
SW099,42.30916667,-108.6356667,7660,979679.94,980375,0.81,-261.2,-1.49,0,24.08,-237.86
SWlOO,42.34066667,-108.6368333,7445,979715.58,980378,0.49,-253.9,-1.5,0,36.68,-218.26
SwlOl,42.3275,-108.6381667,7623,979690.98,980377,0.64,-260,-1.49,0,29.99,-230.87
5*102,42.31133333,-108.6725,7679,979684.89,980376,0.75,-261.9,-1.49,0,30.62,-232.03
SW103,42.303,-108.6943333,7845,979668.64,980375,1.47,-267.5,-1.48,0,30.72,-236.86
SW104,42.46816667,-108.8006667,7805,979735.15,980390,1.46,-266.2,-1.48,0,78.58,-187.65
SW105,42.4585,-108.7648333,7885,979728.03,980389,1.31,-268.9,-1.48,0,79.86,-189.25
SW106,42.442,-108.7383333,7710,979735.11,980387,0.84,-262.9,-1.49,0,71.98,-191.64
SW107,42.44383333,-108.7025,7507,979746.35,980388,0.71,-256,-1.5,0,63.98,-192.85
SW108,42.42766667,-108.7013333,7496,979742.25,980386,0.68,-255.6,-1.5,0,60.3,-196.19
SW109,42.41883333,-108.7065,7495,979741.78,980385,0.84,-255.6,-1.5,0,60.54,-195.76
SwllO,42.396,-108.7083333,7465,979738,980383,0.57,-254.6,-1.5,0,55.99,-199.55
SWlll,42.3795,-108.7158333,7340,979740.39,980382,0.45,-250.3,-1.51,0,48.13,-203.27
SW112,42.393,-108.7391667,7475,979738.76,980383,0.6,-254.9,-1.5,0,57.96,-197.89
swll3,42.40533333,-108.7645,7604,979734.14,980384,0.61,-259.3,-1.5,0,64.36,-195.88
swil4,42.4165,-108.7915,7670,979730.49,980385,0.79,-261.6,-1.49,0,65.9,-196.4
SW115,42.44516667,-108.8131667,7835,979722.16,980388,0.95,-267.2,-1.48,0,70.48,-197.28
SWlbO,42.1405,-109.3366667,6686,979710.89,980360,-0.03,-228.04,-1.52,0,-21.29,-250.88
swlbl,42.12116667,-109.3391667,6669,979710.55,980358,-0.06,-227.46,-1.52,0,-21.5,-250.53
SW162,42.11066667,-109.3816667,6650,979711.47,980358,-0.05,-226.81,-1.52,0,-21.42,-249.79
Swlb3,42.09633333,-109.408,6622,979713.46,980356,-0.09,-225.86,-1.52,0,-20.76,-248.22
SW164,42.0765,-109.4,6683,979712.16,980354,-0.05,-226.63,-1.52,0,-19.25,-247.04
SW165,42.05116667,-109.3983333,6610,979714.4,980352,-0.1,-225.45,-1.52,0,-16.88,-243.95
sw206,41.6515,-109.2266667,6355,979722.42,980316.74,0.11,-216.7,-1.51,0,3.12,-215.03
sw207,41.72766667,-109.2745,6520,979718.12,980323.59,0.31,-222.3,-1.51,0,7.48,-216.11
sw208,41.7405,-109.2986667,6670,979710.61,980324.74,0.27,-227.4,-0.52,0,12.91,-215.83
sw209,41.75366667,-109.3381667,7015,979685.19,980325.93,0.2,-239.2,-0.52,0,18.72,-221.85
sw210,41.79183333,-109.3338333,6973,979689.14,980329.35,0.16,-237.8,-0.52,0,15.3,-223.89
SW211,41.824,-109.3373333,6880,979696.72,980332.25,0.09,-234.6,-0.52,0,11.24,-224.84
sw212,41.85,-109.34,6494,979696.83,980334.59,0.36,-235.1,-0.52,0,10.33,-225.96
sw213,41.87816667,-109.3478333,6940,979694.39,980337.12,0.15,-236.7,-0.52,0,9.68,-228.39
SW214,41.922,-109.3733333,6841,979698.92,980341.06,0.46,-233.3,-1.52,0,0.96,-233.42
sw215,41.93333333,-109.4578333,6705,979706.89,980342.08,-0.08,-228.69,-1.52,0,-4.86,-235.15
sw216,41.982,-109.4126667,6650,979710.64,980346.45,-0.05,-226.81,-1.52,0,-10.66,-239.03
sw217,42.00033333,-109.4166667,6601,979713.67,980348.1,-0.05,-225.14,-1.52,0,-13.88,-240.59
5*218,42.02566667,-109.4291667,6568,979715.74,980350.39,-0.08,-224.02,-1.52,0,-17.19,-242.8
sw219,42.051,-109.4366667,6610,979713.58,980352.66,-0.12,-225.45,-1.52,0,-17.69,-244.77
sw220,42.08933333,-109.44,6594,979714.78,980356.11,-0.11,-224.9,-1.52,0,-21.44,-247.97
SW221,41.98333333,-109.3883333,6680,979710.48,980346.57,-0.03,-227.84,-1.52,0,-8.13,-237.51
SW222,41.98283333,-109.3526667,6753,979706.91,980346.53,0.13,-230.3,-1.52,0,-4.79,-236.5
sw223,41.986,-109.3103333,6843,979704.28,980346.82,0.72,-233.4,-1.52,0,0.75,-233.44
SW224,41.98683333,-109.2886667,6895,979700.64,980346.89,0.32,-235.1,-1.52,0,1.93,-234.44
sw225,41.98583333,-109.2608333,7061,979690.98,980346. BO,1.4,-240.8,-1.51,0,7.95,-233
SW226,41.9595,-109.2626667,7470,979666.16,980344.43,1.71,-254.7,-1.5,0,23.93,-230.64
SW227,41.96016667,-109.2425,6843,979707.96,980344.49,0.43,-233.4,-1.52,0,6.76,-227.72
sw228,41.96066667,-109.2323333,6760,979712.89,980344.54,0.25,-230.5,-1.52,0,3.85,-227.99
sw229,41.93566667,-109.2391667,6830,979709.21,980342.29,0.65,-232.9,-1.52,0,8.99,-224.83
sw230,41.92,-109.2281667,6760,979714.26,980340.88,0.22,-230.5,-1.52,0,8.87,-222.99
sw231,41.945,-109.271,7599,979655.41,980343.13,1.49,-259.1,-1.5,0,26.61,-232.58
sw232,41.91733333,-109.2698333,7686,979650.67,980340.64,2.21,-262.1,-1.49,0,32.53,-228.9
sw233,41.89516667,-109.2816667,7675,979651.42,980338.65,2.12,-261.7,-1.49,0,34.24,-226.91
sw234,41.89383333,-109.3051667,7562,979657.91,980338.52,1.67,-257.9,-1.5,0,30.23,-227.51
Sw235,41.90066667,-109.3423333,7001,979691.16,980339.14,0.3,-238.7,-1.52,0,10.15,-229.84
sw236,41.692,-109.2395,6405,979722.32,980320.38,0.09,-218.4,-1.51,0,4.08,-215.8
sw237,41.78116667,-109.204,6585,979726.6,980328.4,0.01,-224.6,-1.52,0,17.26,-208.85
5*238,41.78233333,-109.1708333,6650,979724.22,980328.5,0.25,-226.8,-1.52,0,20.88,-207.2
5*239,41.808,-109.1391667,6770,979718.03,980330.8,0.49,-230.9,-1.52,0,23.66,-208.27
S*240,41.8245,-109.1181667,6880,979711.14,980332.29,0.94,-234.6,-1.52,0,25.62,-209.61
S*241,41.8395,-109.1003333,6990,979701.41,980333.64,0.44,-238.4,-1.52,0,24.87,-214.61
5*242,41.84516667,-109.0786667,7080,979694.53,980334.16,0.69,-241.4,-1.51,0,25.95,-216.36
SW243,41.8925,-108.9503333,7128,979684.64,980338.41,0.24,-243.1,-1.51,0,16.31,-228.08
SW244,41.886,-108.961,6996,979693.75,980337.82,0.23,-238.6,-1.52,0,13.6,-226.3
sw245,41.87333333,-108.9766667,7075,979687.71,980336.68,0.28,-241.3,-1.51,0,16.12,-226.42
sw246,42.02083333,-108.872,7368,979665,980349.95,0.4,-251.3,-1.51,0,8.31,-244.1
sw247,42.047,-108.8708333,7266,979675,980352.3,0.58,-247.8,-1.51,1,5.88,-242.87
SW248,42.06883333,-108.917,7282,979669,980354.27,0.9,-248.3,-1.51,2,0.06,-248.92
SW249,42.09583333,-108.9601667,7125,979683,980356.7,0.44,-243,-1.51,3,-3.92,-248
sw250,42.103,-109.0066667,7063,979686,980357.34,0.43,-240.9,-1.51,4,-6.66,-248.64
sw251,42.09066667,-109.0398333,7019,979687,980356.23,0.55,-239.4,-1.52,5,-9.25,-249.61
ndl,41.49016667,-108.9715,6531,979709,980302.26,0.35,-222.7,-1.51,6,21.6,-202.32
nd2,41.46083333,-108.9443333,6577,979701,980299.62,0.37,-224.3,-1.52,7,20.29,-205.18
nd3,41.47633333,-108.8645,6876,979681,980301.01,0.38,-234.5,-1.52,8,27.22,-208.44
nd4,41.46116667,-108.8425,6895,979676,980299.65,0.26,-235.1,-1.52,9,24.87,-211.56
nd5,41.43966667,-108.8076667,6926,979667,980297.72,0.19,-236.2,-1.52,10,21.18,-216.37
nd6,41.41083333,-108.7883333,6977,979658,980295.13,0.16,-237.9,-1.52,11,18.88,-220.44
nd7,41.36916667,-108.7636667,7089,979643,980291.4,0.22,-241.7,-1.51,12,18.53,-224.55
nd8,41.351,-108.7478333,7252,979635,980289.77,0.43,-247.3,-1.51,13,27.79,-220.63
nd9,41.31683333,-108.7471667,7059,979638,980286.7,1.22,-240.7,-1.51,14,14.9,-226.15
ndlO,41.29833333,-108.7911667,7049,979637,980285.03,0.38,-240.4,-1.51,15,15.42,-226.14
ndll,41.27533333,-108.8045,6952,979641,980282.97,0.26,-237.1,-1.52,16,12.18,-226.19
ndl 2,41.25866667,-108.834,6900,979643,980281.48,0.19,-235.3,-1.52,17,11.07,-225.59
ndlJ,41.19383333,-108.834,7045,979628,980275.66,0.64,-240.2,-1.51,18,14.66,-226.5
nd!4,41.14183333,-108.8165,7339,979602,980271,0.41,-250.3,-1.51,19,21.18,-230.23
nd!5,41.13016667,-108.7411667,7371,979595,980269.96,0.35,-251.4,-1.51,20,18.35,-234.21
nd!6,41.1335,-108.7085,7255,979602,980270.26,0.29,-247.4,-1.51,21,13.92,-234.75
nd!7,41.15066667,-108.6686667,7328,979597,980271.8,0.34,-249.9,-1.51,22,14.64,-236.46
nd!8,41.155,-108.6271667,7165,979605,980272.18,0.26,-244.3,-1.51,23,7.34,-238.29
nd!9,41.17366667,-108.6001667,7170,979603,980273.86,0.76,-244.5,-1.51,24,3.8,-241.5
nd20,41.18916667,-108.5773333,7896,979552,980275.25,2.59,-269.3,-1.48,25,19.43,-248.77
nd21,41.203,-108.5505,7175,979596,980276.48,0.39,-244.7,-1.51,26,-5.16,-251
nd22,41.22233333,-108.5263333,7056,979604,980278.22,0.26,-240.6,-1.51,27,-10.76,-252.67
nd23,41.259,-108.4888333,7051,979606,980281.51,0.16,-240.4,-1.51,28,-12.1,-253.94
nd24,41.2205,-108.4321667,6955,979606,980278.05,0.17,-237.2,-1.52,29,-17.55,-256.11
nd25,41.19,-108.426,6942,979604,980275.32,0.16,-236.7,-1.52,30,-17.96,-256.08
nd26,41.16716667,-108.4005,7050,979595,980273.27,0.76,-240.4,-1.51,31,-14.78,-255.99
nd27,41.14433333,-108.387,6901,979604,980271.23,0.04,-235.3,-1.52,32,-18.25,-255.1
nd28,41.09133333,-108.3615,6892,979601,980266.48,0.23,-235,-1.52,33,-16.75,-253.11
nd29,41.057,-108.3491667,7041,979591,980263.4,0.22,-240.1,-1.52,34,-9.56,-251
nd30,41.05083333,-108.3173333,7021,979593,980262.84,0.15,-239.4,-1.52,35,-9.18,-250.01
nd31,41.031,-108.2961667,6965,979597,980261.07,0.18,-237.5,-1.52,36,-9.28,-248.17
nd32,41.00816667,-108.2951667,6641,979619,980259.03,0.22,-226.5,-1.52,37,-15.04,-242.84
nd33,40.97433333,-108.3036667,6997,979624,980255.99,0.02,-225,-1.52,38,-11.26,-237.76
nd34,40.95366667,-108.3141667,6692,979621,980254.15,0.1,-228.2,-1.52,39,-3.86,-233.53
nd35,40.9615,-108.35,6687,979618.64,980254.84,0.69,-228,-1.52,0,-7.55,-236.45
nd36,40.9625,-108.4,7138,979590.83,980254.94,0.38,-243.4,-1.51,0,6.92,-237.67
nd37,40.97316667,-108.45,6880,979609.6,980255.89,0.1,-234.6,-1.52,0,0.5,-235.58
nd38,40.988,-108.55,6659,979626.12,980257.22,1.85,-227.1,-1.52,0,-5.08,-231.87
nd39,41.011,-108.55,7079,979601.06,980259.28,0.29,-241.4,-1.51,0,7.26,-235.4
nd40,40.99,-108.6166667,7198,979597.32,980257.4,0.55,-245.5,-0.51,0,16.59,-229.88
nd41,41.005,-108.65,6593,979636.88,980258.74,0.94,-224.8,-0.52,0,-2.04,-227.49
nd42,41.00883333,-108.7333333,7049,979611.69,980259.09,0.28,-240.4,-0.51,0,15.27,-226.39
nd43,41.036,-108.7833333,7141,979609.38,980261.52,0.41,-243.5,-0.51,0,19.17,-225.49
nd44,41.07783333,-108.7833333,7186,979606.87,980265.27,0.31,-245,-0.51,0,17.14,-229.16
nd45,41.1185,-108.8,7402,979595.43,980268.91,0.46,-252.4,-0.51,0,22.34,-231.16
nd46,41.17216667,-108.8166667,7127,979618.66,980273.73,0.52,-243,-0.51,0,14.93,-229.15
nd47,41.662,-108.7666667,6528,979710.86,980317.69,0.17,-222.6,-0.51,0,6.87,-217.13
nd48,41.6325,-108.75,6548,979706.94,980315.04,0.2,-223.3,-0.51,0,7.48,-217.17
nd49,41.614,-108.7333333,6556,979703.7,980313.38,0.19,-223.6,-1.52,0,6.66,-218.27
nd50,41.56966667,-108.7,6592,979695.14,980309.39,0.03,-224.8,-1.52,0,5.46,-220.86
nd51,41.52716667,-108.6666667,6636,979685.29,980305.58,0.09,-226.3,-1.52,0,3.56,-224.2
nd52,41.51016667,-108.6166667,6689,979675.89,980304.05,0.04,-228.1,-1.52,0,0.67,-228.95
nd53,41.51283333,-108.5833333,6685,979673.15,980304.28,0.1,-228,-1.52,0,-2.69,-232.11
nd54,41.522,-108.5666667,6685,979673.58,980305.11,0.27,-228,-1.52,0,-3.08,-232.33
nd55,41.541,-108.55,6778,979668.75,980306.82,0.02,-231.1,-1.52,0,-0.88,-233.55
nd56,41.526,-108.5333333,6728,979667.72,980305.47,0.15,-229.4,-1.52,0,-5.26,-236.1
nd57,41.505,-108.5333333,6745,979664.32,980303.59,0.1,-230,-1.52,0,-5.17,-236.64
nd58,41.48966667,-108.5,6776,979659.56,980302.21,0.09,-231.1,-1.52,0,-5.64,-238.18
nd59,41.4695,-108.4833333,6932,979645.61,980300.4,0.57,-236.4,-1.52,0,-3.13,-240.5
ndbO,41.453,-108.5,6979,979640.98,980298.91,0.2,-238,-1.52,0,-1.86,-241.21
nd61,41.42816667,-108.5,6903,979642.86,980296.69,0.28,-235.4,-1.52,0,-4.89,-241.57
nd62,41.38216667,-108.5166667,7071,979626.64,980292.56,0.63,-241.1,-1.51,0,-1.19,-243.25
ndbJ,41.37183333,-108.5,7086,979623.43,980291.63,0.39,-241.6,-1.51,0,-2.07,-244.88
nd64,41.33666667,-108.5,7296,979603.4,980288.48,0.43,-248.8,-1.51,0,0.79,-249.14
nd65,41.312,-108.4833333,7201,979604.15,980286.27,0.22,-245.6,-1.51,0,-5.18,-252.07
nd66,41.28816667,-108.5,7108,979607.41,980284.13,0.19,-242.4,-1.51,0,-8.52,-252.27
ndb7,41.03916667,-108.2333333,7092,979588.67,980261.8,0.69,-241.8,-1.51,0,-6.43,-249.14
nd68,41.05183333,-108.1833333,7606,979554.41,980262.94,2.98,-259.4,-1.5,0,6.47,-251.47
ndb9,41.04783333,-108.15,7614,979554.95,980262.58,2.16,-259.6,-1.5,0,8.12,-250.9
nd70,41.05616667,-108.1333333,7330,979575.72,980263.33,1.07,-250,-1.51,0,1.46,-248.99
nd71,41.05866667,-108.15,7221,979583.6,980263.55,0.79,-246.2,-1.51,0,-1.12,-248.13
nd72,41.05983333,-108.8666667,7274,979579.64,980263.65,1.5,-248.1,-1.51,0,-0.21,-248.32
nd73,41.06783333,-108.35,7033,979597.04,980264.37,0.58,-239.8,-1.52,0,-6.18,-246.99
nd74,41.07783333,-109.05,6872,979607.93,980265.27,0.56,-234.3,-1.52,0,-11.3,-246.65
nd75,41.7105,-107.7328333,7050,979649.89,980322.05,0.17,240.46,-1.51,0,-9.41,-251.21
nd76,41.642,-107.7543333,7086,979642.55,980315.89,0.3,241.68,-1.51,0,-7.21,-250.11
nd77,41.59116667,-107.7525,7143,979634.2,980311.33,0.86,243.63,-1.51,0,-5.63,-249.91
nd78,41.557,-107.7623333,7004,979639.35,980308.25,0.06,238.89,-1.52,0,-10.47,-250.81
nd79,41.526,-107.76,6909,979643.29,980305.47,0.13,235.65,-1.52,0,-12.68,-249.71
nd80,41.50316667,-107.7566667,6907,979640.85,980303.42,0.14,235.58,-1.52,0,-13.26,-250.21
nd81,41.4575,-107.7616667,6738,979646.59,980299.32,0.07,229.81,-1.52,0,-19.29,-250.55
nd82,41.41816667,-107.76,6664,979647.48,980295.79,0.08,227.29,-1.52,0,-21.83,-250.56
nd83,41.3875,-107.767,6627,979647.6,980293.04,0.14,226.03,-1.52,0,-22.43,-249.84
nd84,41.35033333,-107.7661667,6551,979649.4,980289.7,0.03,223.44,-1.51,0,-24.44,-249.36
nd85,41.32633333,-107.7676667,6523,979649.64,980287.55,0,222.48,-1.51,0,-24.67,-248.73
nd86,41.34366667,-107.7828333,6617,979644.3,980289.11,0,225.69,-1.52,0,-22.74,-250.01
nd87,41.36033333,-107.8035,6764,979634.6,980290.59,0.15,-230.7,-1.52,0,-20.12,-252.19
nd88,41.39,-107.8235,6647,979643.64,980293.26,0.01,226.71,-1.52,0,-24.73,-252.95
nd89,41.40816667,-107.836,6034,979645.73,980294.9,0.02,226.27,-1.52,0,-25.5,-253.26
nd90,41.43616667,-107.8548333,6667,979645.55,980297.41,0,227.39,-1.52,0,-25.1,-254.04
nd91,41.46116667,-107.8711667,6684,979646.64,980299.65,0,227.97,-1.52,0,-24.65,-254.21
nd92,41.48416667,-107.886,6728,979646.07,980301.72,0,229.47,-1.52,0,-23.15,-254.19
nd93,41.51383333,-107.9043333,6722,979649.23,980304.38,0.05,229.27,-1.52,0,-23.22,-253.95
nd94,41.53816667,-107.9175,6704,979654.46,980306.56,0.02,228.65,-1.52,0,-21.86,-252.01
nd95,41.55816667,-107.9291667,6704,979657.07,980308.36,0.04,228.65,-1.52,0,-21.05,-251.18
nd9b,41.58166667,-107.9458333,6683,979661.51,980310.47,0,227.94,-1.52,0,-20.7,-250.17
nd97,41.60833333,-107.9578333,6679,979665.81,980312.86,0,-227.8,-1.52,0,-19.17,-248.51
nd98,41.63566667,-107.9613333,6708,979667.6,980315.32,0.08,228.79,-1.52,0,-17.11,-247.33
nd99,41.66133333,-107.9676667,6738,979669.6,980317.63,0.09,229.81,-1.52,0,-14.59,-245.83
ndlOO,41.52983333,-107.9425,6832,979644.63,980305.81,0.01,233.02,-1.52,0,-18.91,-253.44
ndlOl,41.51466667,-107.9673333,6737,979649.02,980304.45,0.08,229.78,-1.52,0,-22.09,-253.31
nd!02,41.4885,-108.0196667,6762,979644.49,980302.1,0.03,230.63,-1.52,0,-21.92,-254.04
nd!03,41.45666667,-108.04,6854,979634.17,980299.25,0.09,233.77,-1.52,0,-20.74,-255.93
nd!04,41.42733333,-108.0508333,6781,979635.11,980296.61,0,231.28,-1.52,0,-24.02,-256.82
ndlOS,41.41483333,-108.0621667,6854,979628.6,980295.48,0.11,233.77,-1.52,0,-22.56,-257.73
ndlOb,41.38833333,-108.0486667,6856,979625.68,980293.11,0.07,233.84,-1.52,0,-22.91,-258.19
nd!07,41.34,-108.0583333,6741,979629.03,980288.77,0,229.92,-1.52,0,-26.02,-257.49
nd!08,41.32966667,-108.0943333,6730,979628.3,980287.85,0,229.54,-1.52,0,-26.86,-257.97
nd!09,41.32166667,-108.1191667,6682,979631.12,980287.13,0,-227.9,-1.52,0,-27.84,-257.33
ndllO,41.31483333,-108.1501667,6649,979632.57,980286.52,0.06,226.78,-1.52,0,-28.87,-257.11
ndlll,41.33133333,-108.0255,6810,979624.61,980287.99,0.01,232.27,-1.52,0,-23.19,-256.97
ndl!2,41.30266667,-107.9788333,6786,979626.49,980285.43,0.35,231.45,-1.52,0,-20.98,-253.6
ndl!3,41.27883333,-107.9466667,6941,979616.1,980283.28,0.24,236.74,-1.52,0,-14.68,-252.69
ndl!4,41.28416667,-107.9148333,6732,979630.56,980283.77,0.63,229.61,-1.52,0,-20.33,-250.83
ndllS,41.29983333,-107.8703333,6596,979640.57,980285.17,0.08,-224.9,-1.52,0,-24.51,-250.91
ndl!6,41.29733333,-107.8195,6553,979644.61,980284.95,0.05,-223.5,-1.51,0,-24.28,-249.25
ndll?,41.30166667,-107.7741667,6523,979648.14,980285.34,0.07,-222.4,-1.51,0,-23.96,-247.89
ndl!8,41.628,-108.263,6996,979651.19,980314.63,0.41,-238.6,-1.52,0,-5.77,-245.49
ndl!9,41.60583333,-108.2545,7089,979641.24,980312.64,0.18,-241.7,-1.51,0,-4.99,-248.11
nd!20,41.57866667,-108.2625,7063,979639.55,980310.2,0.23,-240.9,-1.51,0,-6.69,-248.87
nd!21,41.55733333,-108.2673333,7419,979614.3,980308.28,0.54,-253,-1.5,0,3.43,-250.57
nd!22,41.5335,-108.238,7199,979624.65,980306.14,0.2,-245.5,-1.51,0,-4.74,-251.59
nd!23,41.5185,-108.2111667,7071,979630.29,980304.8,0.11,-241.1,-1.51,0,-9.79,-252.36
nd!24,41.49433333,-108.1985,6998,979631.15,980302.63,0.08,-238.6,-1.52,0,-13.61,-253.73
nd!25,41.49016667,-108.1601667,6960,979632.48,980302.26,0.13,-237.3,-1.52,0,-15.48,-254.25
nd!26,41.48033333,-108.0898333,6994,979629.37,980301.37,0.4,-238.5,-1.52,0,-14.51,-254.17
ndl27,41.45316667,-108.0918333,6857,979633.58,980298.94,0.05,-233.8,-1.52,0,-20.74,-256.07
nd!28,41.434,-108.088,6854,979631.2,980297.21,0.02,-233.7,-1.52,0,-21.67,-256.94
nal29,41.4155,-108.1153333,7021,979617.75,980295.55,0.12,-239.4,-1.52,0,-17.77,-258.63
ndUO,41.43266667,-108.1636667,7052,979618.17,980297.09,0.23,-240.5,-1.51,0,-15.98,-257.79
nd!3l,41.44133333,-108.2155,7072,979618.9,980297.87,0.13,-241.2,-1.51,0,-14.15,-256.74
nd!32,41.438,-108.242,7043,979620.87,980297.57,0.18,-240.2,-1.52,0,-14.61,-256.16
nd!33,41.44333333,-108.3078333,6966,979629.96,980298.05,0.08,-237.5,-1.52,0,-13.23,-252.25
nd!34,41.41983333,-108.3715,6936,979631.8,980295.94,0.3,-236.5,-1.52,0,-12.1,-249.88
nd!35,41.40633333,-108.4068333,6990,979628.11,980294.73,0.84,-238.4,-1.52,0,-9.5,-248.59
nd!36,41.3795,-108.3756667,6935,979625.61,980292.32,0.08,-236.5,-1.52,0,-14.76,-252.73
ndl37,41.35633333,-108.37,6986,979618.96,980290.23,0.06,-238.2,-1.52,0,-14.54,-254.27
nd!38,41.33316667,-108.3886667,7021,979614.19,980288.16,0.12,-239.4,-1.52,0,-13.95,-254.81
nd!39,41.3365,-108.3365,7094,979611.27,980288.46,0.55,-241.9,-1.51,0,-10.3,-253.22
nd!40,41.32683333,-108.4468333,7194,979604.44,980287.59,1.35,-245.3,-1.51,0,-6.87,-252.4
nd!41,41.2825,-108.5433333,7198,979603.01,980283.62,0.25,-245.5,-1.51,0,-3.95,-250.71
nd!42,41.286,-108.5991667,7410,979596.36,980283.93,0.5,-252.7,-1.5,0,9.01,-244.73
nd!43,41.306,-108.6118333,7678,979583.59,980285.73,0.78,-261.8,-1.49,0,19.62,-242.96
nd!44,41.30933333,-108.6566667,8380,979542.7,980286.02,3.56,-285.8,-1.44,0,44.39,-239.3
nd!45,41.32983333,-108.6796667,7757,979589.92,980287.86,1.35,-264.5,-1.49,0,31.24,-233.46
nd!46,41.33383333,-108.7123333,7677,979597.24,980288.22,1.62,-261.8,-1.49,0,30.69,-231.03
nd!47,41.29033333,-108.8573333,6903,979648.89,980284.31,0.13,-235.4,-1.52,0,13.51,-223.32
nd!48,41.30816667,-108.894,6792,979659.66,980285.92,0.35,-231.6,-1.52,0,12.25,-220.58
nd!49,41.325,-108.9435,6755,979668.43,980287.43,0.91,-230.3,-1.52,0,16.03,-214.97
ndlSO,41.35616667,-108.9375,6701,979676.8,980290.23,1.13,-228.5,-1.52,0,16.53,-212.41
ndlSl,41.39683333,-108.9323333,6655,979686.32,980293.88,0.6,-226.9,-1.52,0,18.08,-209.82
nd!52,41.43133333,-108.9366667,6632,979693.2,980296.97,1.07,-226.2,-1.52,0,19.71,-206.94
wyl,41.746,-108.953,6788,979706.38,980325.23,0.36,-231.5,-1.52,0,19.28,-213.4
wy2,41.7675,-108.9521667,6983,979691.68,980327.16,0.75,-238.1,-1.52,0,20.96,-217.97
wy3,41.76916667,-108.9298333,7497,979658.11,980327,1.19,-255.7,-1.5,0,35.54,-220.47
wy4,41.79183333,-108.9135,7566,979649.48,980329,0.9,-258.05,-1.5,0,31.36,-227.29
wy5,41.79683333,-108.8831667,6979,979690.26,980329,0.42,-238.03,-1.52,0,16.53,-222.6
wy6,41.82033333,-108.899,7102,979682.42,980331,0.52,-242.23,-1.51,0,18.14,-225.09
wy7,41.82533333,-108.8755,7057,979685.66,980332,0.7,-240.69,-1.51,0,16.7,-224.81
wy8,41.835,-108.8443333,7084,979682.89,980333,0.37,-241.61,-1.51,0,15.59,-227.16
wy9,41.839,-108.8276667,7061,979683.95,980333,0.29,-240.83,-1.51,0,14.14,-227.92
wyl,41.86083333,-108.8385,6970,979689.38,980335,0.16,-237.73,-1.52,0,9.05,-230.03
wyl,41.8725,-108.8345,6814,979699.17,980336,0.15,-232.41,-1.52,0,3.14,-230.64
wyl,41.89483333,-108.7865,6830,979694.52,980338,0.06,-232.95,-1.52,0,-2.02,-236.43
wy!,41.9025,-108.7455,6788,979695.84,980339,0.03,-231.52,-1.52,0,-5.34,-238.34
wy!,41.94033333,-108.7215,6726,979700.7,980342,0.02,-229.4,-1.52,0,-9.71,-240.61
wy!,41.96,-108.6861667,6673,979705.44,980344,0.02,-227.6,-1.52,0,-11.72,-240.81
wyl,41.96316667,-108.64,6650,979706.96,980344,0.08,-226.81,-1.52,0,-12.64,-240.89
wy!,41.98833333,-108.6658333,6718,979705.92,980347,0.01,-229.13,-1.52,0,-9.56,-240.19
wy!,42.01766667,-108.6461667,6869,979698.9,980349,0.16,-234.28,-1.52,0,-5.03,-240.67
wy!,42.04666667,-108.549,6790,979704.36,980352,0.02,-231.59,-1.52,0,-9.6,-242.69
wy2,42.06133333,-108.53,6817,979702.87,980353,0.04,-232.51,-1.52,0,-9.88,-243.87
wy2,42.08916667,-108.4916667,6908,979697.21,980356,0.32,-235.61,-1.52,0,-9.49,-246.3
wy2,42.136,-108.4965,6808,979706.31,980360,0.1,-232.2,-1.52,0,-14,-247.62
wy2,42.16066667,-108.4148333,6751,979708.98,980362,0.12,-230.26,-1.52,0,-18.91,-250.56
wy2,42.15816667,-108.3826667,6776,979706.87,980362,0.06,-231.11,-1.52,0,-18.45,-251.02
wy2,42.18083333,-108.361,6850,979706.05,980364,0.12,-233.63,-1.52,0,-14.36,-249.39
wy2,41.47616667,-109.4811667,7083,979639.31,980301,0.96,-241.58,-1.51,0,4.17,-237.97
wy2,41.454,-109.4976667,7172,979632.13,980299,1,-244.62,-1.51,0,7.34,-237.79
wy2,41.43783333,-109.5288333,6972,979642.68,980297,0.64,-237.79,-1.52,0,0.55,-238.12
wy2,41.40883333,-109.5323333,6925,979644.99,980294,0.92,-236.19,-1.52,0,1.05,-235.74
wy3,41.46183333,-109.5815,6335,979679.07,980299,0.6,-216.07,-1.51,0,-25.07,-242.05
wy3,41.368,-109.6246667,6197,979683.09,980291,0.43,-211.36,-1.51,0,-25.59,-238.03
wy3,41.33183333,-109.6365,6448,979663.47,980288,0.26,-219.92,-1.51,0,-18.39,-239.56
wy3,41.3025,-109.6746667,6298,979669.61,980285,0.03,-214.81,-1.51,0,-23.71,-239.99
wy3,41.26666667,-109.7133333,6289,979665.68,980282,0.08,-214.5,-1.51,0,-25.27,-241.2
wy3,41.65266667,-108.572,7145,979663.11,980316,0.24,-243.7,-1.51,0,17.94,-227.03
wyj,41.67833333,-108.5791667,7046,979673.18,980319,0.55,-240.32,-1.51,0,16.4,-224.89
wy3,41.70316667,-108.5888333,7075,979674.39,980321,0.18,-241.31,-1.51,0,18.1,-224.54
wy3,41.73366667,-108.5901667,7016,979679.69,980324,0.11,-239.3,-1.52,0,15.11,-225.59
wy3,41.7725,-108.6078333,7235,979665.9,980327,0.35,-246.77,-1.51,0,18.41,-229.52
wy4,41.81883333,-108.5955,7061,979676.32,980331,0.26,-240.83,-1.51,0,8.32,-233.77
wy4,41.857,-108.6085,6752,979698.62,980335,0.02,-230.29,-1.52,0,-1.85,-233.64
wy4,41.87316667,-108.6396667,6768,979695.52,980336,0.13,-230.84,-1.52,0,-4.9,-237.12
wy4,41.87966667,-108.5708333,6666,979702.76,980337,0.01,-227.36,-1.52,0,-7.83,-236.69
wy4,41.883,-108.5388333,6635,979705.4,980337,0.01,-226.3,-1.52,0,-8.4,-236.21
wy4,41.88333333,-108.4903333,6622,979707.92,980337,-0.05,-225.86,-1.52,0,-7.13,-234.55
wy4,41.92983333,-108.4993333,6707,979702.82,980341,-0.03,-228.76,-1.52,0,-8.43,-238.73
wy4,42.00316667,-108.5255,6769,979701.27,980348,0,-230.87,-1.52,0,-10.75,-243.14
wy4,41.959,-108.5138333,6729,979702.34,980344,0.03,-229.51,-1.52,0,-9.46,-240.46
wy4,41.82083333,-108.4806667,6666,979703.19,980331,0.04,-227.36,-1.52,0,-2.11,-230.94
wy5,41.79766667,-108.466,6846,979689.96,980329,0.14,-233.5,-1.52,0,3.66,-231.21
wy5,41.75683333,-108.4443333,6798,979688.62,980326,0.26,-231.86,-1.52,0,1.48,-231.64
wy5,41.7325,-108.4266667,6692,979691.13,980324,-0.03,-228.24,-1.52,0,-3.78,-233.57
wy5,41.69733333,-108.4246667,6764,979682.55,980320,0.03,-230.7,-1.52,0,-2.44,-234.63
wy5,41.66,-108.3931667,6834,979671.84,980317,0.02,-233.09,-1.52,0,-3.21,-237.8
wyS,41.6735,-108.1183333,6701,979676,980318,-0.04,-228.55,-1.52,0,-12.77,-242.87
wy5,41.70283333,-108.1303333,6644,979684.72,980321,-0.07,-226.61,-1.52,0,-12.04,-240.23
wy5,41.7415,-108.1258333,6608,979693.59,980324,-0.08,-225.38,-1.52,0,-10.02,-237
wy5,41.77666667,-108.169,6653,979696.78,980327,-0.06,-226.91,-1.52,0,-5.77,-234.26
wy5,41.809,-108.1621667,6690,979698.62,980330,-0.06,-228.18,-1.52,0,-3.36,-233.12
wy6,41.84816667,-108.1673333,6654,979704.39,980334,0.09,-226.95,-1.52,0,-4.49,-232.87
wyb,41.89166667,-108.1736667,6818,979694.98,980338,0.05,-232.54,-1.52,0,-2.4,-236.41
wy6,41.91233333,-108.1783333,6604,979709.57,980340,0,-225.24,-1.52,0,-9.78,-236.54
wy6,41.94516667,-108.2203333,6608,979710.73,980343,-0.04,-225.38,-1.52,0,-11.2,-238.13
wy6,41.96283333,-108.2411667,6599,979711.6,980344,-0.05,-225.07,-1.52,0,-12.76,-239.4
wy6,41.9705,-108.2826667,6686,979706.64,980345,-0.02,-228.04,-1.52,0,-10.24,-239.82
wyb,41.9205,-108.2713333,6792,979700.65,980340,0.28,-231.66,-1.52,0,-1.77,-234.67
wy6,41.87333333,-108.266,6720,979704.06,980336,0,-229.2,-1.52,0,-0.88,-231.6
wy6,41.8085,-108.274,6576,979706.24,980330,-0.08,-224.29,-1.52,0,-6.41,-232.29
wy6,41.766,-108.2706667,6578,979699.84,980327,-0.08,-224.36,-1.52,0,-8.79,-234.75
wy7,41.72233333,-108.2675,6726,979683.36,980323,0,-229.4,-1.52,0,-7.45,-238.37
wy7,41.6975,-108.2508333,6700,979680.63,980320,0.01,-228.52,-1.52,0,-10.38,-240.41
wy7,41.68,-108.255,6819,979670.24,980319,0.03,-232.58,-1.52,0,-8.02,-242.08
wy7,41.649,-108.2635,7011,979653.11,980316,0.13,-239.13,-1.52,0,-4.33,-244.84
wy7,41.62816667,-110.013,6379,979701.21,980314,-0.16,-217.57,-1.51,0,-13.74,-232.98
wy7,41.65016667,-110.0406667,6458,979698.27,980316,-0.11,-220.26,-1.51,0,-11.23,-233.11
wy7,41.6935,-110.0656667,6430,979704.28,980320,-0.17,-219.31,-1.51,0,-11.75,-232.74
wy7,41.73133333,-110.0933333,6529,979700.41,980323,-0.14,-222.69,-1.51,0,-9.71,-234.05
wy7,41.7665,-110.1395,6707,979689.24,980327,0.49,-228.76,-1.52,0,-7.32,-237.1
wy7,41.77966667,-110.1858333,6599,979695.66,980328,-0.11,-225.07,-1.52,0,-12.23,-238.93
wy8,41.87233333,-110.2661667,6610,979694.83,980336,0.15,-225.45,-1.52,0,-20.36,-247.18
wy8,41.7715,-110.3286667,6683,979b89.45,980327,0.05,-227.94,-1.52,0,-9.81,-239.22
wy8,41.77116667,-110.3861667,6811,979685.28,980327,0.32,-232.3,-1.52,0,-1.93,-235.43
wy83,41.76616667,-110.4293333,6792,979693.56,980327.05,0.13,-231.6,-1.52,0,5.02,-228.02
wy84,41.75583333,-110.4766667,6805,979691.66,980326.12,0.32,-232.1,-1.52,0,5.27,-228.02
wy85,41.83683333,-110.5335,6949,979683.73,980333.4,0.59,-237,-1.52,0,3.59,-234.35
wy86,41.872,-110.515,7091,979681.02,980336.56,0.88,-241.8,-1.51,0,11.06,-231.43
wy87,41.8685,-110.4596667,7347,979667.97,980336.25,0.42,-250.5,-1.51,0,22.37,-229.3
wy88,41.8915,-110.4103333,7393,979663.68,980338.32,0.85,-252.1,-1.51,0,20.34,-232.47
wy89,41.88966667,-110.3583333,7188,979669.75,980338.16,1.27,-245.1,-1.51,0,7.31,-238.1
wy90,41.91183333,-110.3078333,6961,979682.39,980340.14,0.2,-237.4,-1.52,0,-3.37,-242.11
wy91,41.93266667,-110.2723333,6765,979697.1,980342.02,0.02,-230.7,-1.52,0,-8.95,-241.18
wy92,41.9585,-110.2288333,6674,979706.64,980344.34,0.06,-227.6,-1.52,0,-10.29,-239.37
wy93,42.01883333,-110.1533333,6876,979699.04,980349.77,0.3,-234.5,-1.52,0,-4.34,-240.08
wv94,42.0455,-110.1595,6781,979707.91,980352.17,0.01,-231.2,-1.52,0,-6.79,-239.58
wy95,42.07383333,-110.16,6569,979724.23,980354.72,0.06,-224,-1.52,0,-12.94,-238.45
wy96,42.07166667,-110.203,6943,979700.4,980354.53,0.18,-236.8,-1.52,0,-1.44,-239.58
wy97,42.08133333,-110.2403333,6700,979720.08,980355.39,0.33,-228.5,-1.52,0,-5.46,-235.17
wy98,42.07366667,-110.2918333,6743,979717.88,980354.71,0.22,-229.9,-1.52,0,-2.93,-234.21
wy91,41.93266667,-110.2723333,6765,979697.12,980342.02,0.02,-230.7,-1.52,0,-8.94,-241.17
WV99,41.8875,-110.2598333,6696,979695.93,980337.95,-0.04,-228.38,-1.52,0,-12.55,-242.48
wyioo,41.80366667,-110.3193333,6660,979692.45,980330.42,0.74,-227.1,-1.52,0,-11.86,-239.79
wydl,41.7715,-110.3286667,6683,979689.47,980327.52,0.05,-227.9,-1.52,0,-9.8,-239.2
wvlOl,41.76383333,-110.5623333,6901,979679.19,980326.84,0.47,-235.3,-1.52,0,1.09,-235.32
wy!02,41.742,-110.5693333,6804,979683.92,980324.88,0.15,-232,-1.52,0,-1.32,-234.75
WY103,41.69516667,-110.5716667,6770,979684.96,980320.67,0.11,-230.9,-1.52,0,0.73,-231.58
wyl04,41.63316667,-110.5713333,6644,979690.78,980315.1,0.24,-226.6,-1.52,0,0.29,-227.6
wyios,41.59833333,-110.5745,6614,979690.96,980311.96,0.23,-225.5,-1.52,0,0.78,-226.09
wyl06,41.543,-110.5908333,6585,979689.29,980307,0.72,-224.6,-1.52,0,1.35,-224.04
wyl07,41.50916667,-110.605,6601,979684.7,980303.96,1.54,-225.1,-1.52,0,1.3,-223.81
wy!08,41.47783333,-110.616,6657,979678.13,980301.14,0.79,-227,-1.52,0,2.81,-224.97
wyl09,41.40666667,-110.6365,6672,979668.88,980294.76,1.58,-227.5,-1.52,0,1.36,-226.14
wyllO,41.35466667,-110.6855,6792,979651.2,980290.09,0.42,-231.6,-1.52,0,-0.38,-233.13
wvlll,41.31583333,-110.7193333,6877,979639.16,980286.6,0.98,-234.5,-1.52,0,-0.94,-236.04
bcOOl,40.29,-109.1601667,5251,979666.51,980194.82,0.58,-179.1,-1.44,0,-34.6,-214.56
bc002,40.28666667,-109.1406667,5289,979667.03,980194.52,0.5,-180.3,-1.44,0,-30.21,-211.55
bc003,40.31133333,-109.1178333,5509,979658.21,980196.72,1.06,-187.9,-1.46,0,-20.55,-208.85
bc004,40.329,-109.1128333,5700,979644.14,980198.3,1.62,-194.4,-1.48,0,-18.25,-212.52
bcOOS,40.34133333,-109.0965,6130,979617.26,980199.4,2.07,-209,-1.5,0,-5.82,-214.33
bc006,40.34933333,-109.0801667,6490,979594.07,980200.11,2.59,-221.3,-1.51,0,4.11,-216.17
bc007,40.3525,-109.0676667,6660,979587.83,980200.4,2.55,-227.1,-1.52,0,13.55,-212.57
bcOOB,40.35516667,-109.046,6990,979569.39,980200.63,2.94,-238.4,-1.52,0,25.89,-211.1
bC009,40.35816667,-109.0228333,7280,979549.33,980200.91,2.5,-248.3,-1.51,0,32.81,-214.5
bCOlO,40.36166667,-109.0078333,7460,979544.18,980201.22,2.6,-254.4,-1.5,0,44.26,-209.08
bcOll,40.36116667,-108.9883333,7529,979540.61,980201.17,2.04,-256.7,-1.5,0,47.21,-209.04
bc012,40.35833333,-108.9726667,7570,979539.5,980200.91,1.99,-258.1,-1.5,0,50.21,-207.49
bc013,40.36783333,-108.9948333,7666,979532.53,980201.76,2.43,-261.4,-1.49,0,51.41,-209.12
bc014,40.34983333,-108.9493333,7514,979546.39,980200.16,1.72,-256.2,-1.5,0,52.6,-203.46
bc015,40.33833333,-108.9435,7720,979534.28,980199.13,2.58,-263.3,-1.49,0,60.87,-201.35
bc016,40.326,-108.873,7710,979535.37,980198.03,8.62,-262.9,-1.49,0,62.12,-193.72
bc017,40.31883333,-108.9355,7720,979535.68,980197.39,2.8,-263.3,-1.49,0,64.01,-197.99
bc018,40.31133333,-108.9326667,7645,979540.57,980196.72,2.75,-260.7,-1.49,0,62.53,-196.97
bc019,40.3035,-108.9433333,7500,979550.44,980196.02,2.8,-255.8,-1.5,0,59.47,-195.04
bc020,40.29316667,-108.959,7055,979573.19,980195.1,2.33,-240.6,-1.51,0,41.33,-198.49
bc021,40.2825,-108.9835,6580,979609.75,980194.15,1.24,-224.4,-1.52,0,34.21,-190.49
bC022,40.261,-108.981,6300,979627.3,980192.23,0.68,-214.8,-1.51,0,27.36,-188.34
bc023,40.25133333,-108.975,6040,979639.89,980191.37,1.58,-206,-1.5,0,16.38,-189.54
bc024,40.24516667,-108.9725,5940,979645.24,980190.82,1.11,-202.6,-1.49,0,12.89,-190.09
bc025,40.24383333,-108.9915,5910,979646.78,980190.7,0.89,-201.5,-1.49,0,11.73,-190.44
bc026,40.2525,-109.0191667,5800,979651.57,980191.47,2.15,-197.8,-1.48,0,5.41,-191.75
bc027,40.259,-109.0296667,5720,979656.53,980192.05,1.4,-195,-1.48,0,2.26,-192.91
bc028,40.2735,-109.0495,5604,979661.35,980193.34,1.08,-191.1,-1.47,0,-5.11,-196.63
bc029,40.27966667,-109.0678333,5589,979656.46,980193.9,0.49,-190.6,-1.47,0,-11.96,-203.57
bc030,40.28266667,-109.0951667,5440,979659.75,980194.16,0.86,-185.5,-1.46,0,-22.94,-209.08
bcOJl,40.2845,-109.0435,5355,979662.61,980194.33,6.55,-182.6,-1.45,0,-28.24,-205.78
bc032,40.297,-109.0458333,5630,979658.64,980195.45,1.61,-192,-1.47,0,-7.48,-199.36
bc033,40.28433333,-109.0461667,5600,979660.85,980194.31,1.18,-191,-1.47,0,-6.95,-198.24
bc034,40.2955,-109.0693333,5560,979657.97,980195.3,0.83,-189.6,-1.47,0,-14.59,-204.86
bc035,40.2935,-109.0983333,5450,979663.15,980195.13,0.79,-185.8,-1.46,0,-19.57,-206.12
bc036,40.30266667,-109.109,5425,979664.44,980195.95,0.86,-185,-1.45,0,-21.45,-207.07
bc037,40.31066667,-109.099,5490,979660.41,980196.66,1.2,-187.2,-1.46,0,-20.09,-207.6
bc038,40.31566667,-109.0801667,5560,979659.08,980197.11,1.98,-189.6,-1.47,0,-15.28,-204.4
bc039,40.32266667,-109.0905,5600,979654.96,980197.73,2.66,-191,-1.47,0,-16.26,-206.07
bc040,40.26766667,-109.0081667,6288,979624.01,980192.83,0.82,-214.4,-1.51,0,22.35,-192.81
bc041,40.27233333,-109.0033333,6350,979621.79,980193.23,0.79,-216.5,-1.51,0,25.54,-191.76
bc042,40.2615,-108.9916667,6280,979623.69,980192.27,0.64,-214.1,-1.51,0,21.83,-193.23
bc043,40.36716667,-108.9523333,7364,979555.03,980201.7,1.31,-251.1,-1.51,0,45.6,-205.76
bc044,40.36716667,-108.9341667,7250,979563.28,980201.7,2,-247.2,-1.51,0,43.14,-203.65
bc045,40.37216667,-108.9076667,7297,979559.72,980202.16,1.23,-248.8,-1.51,0,43.55,-205.61
bc046,40.3145,-108.8773333,7400,979558.3,980197,20,-252.39,-1.51,0,56.95,-176.89
bc047,40.31583333,-108.9543333,7255,979561.21,980197.12,2.33,-247.4,-1.51,0,46.12,-200.51
bc048,40.31516667,-108.9595,7195,979571.75,980197.06,2.17,-245.4,-1.51,0,51.08,-193.66
bc049,40.31283333,-108.97,6955,979584.96,980196.85,2,-237.2,-1.52,0,41.95,-194.78
bcOSO,40.3105,-108.9736667,6900,979585.75,980196,2.21,-235.3,-1.52,0,37.78,-196.87
bcOSl,40.30766667,-108.977,6760,979593.62,980196,2.33,-230.5,-1.52,0,32.75,-197.01
bcOS»2,40.30833333,-108.9828333,6635,979603.75,980196,2.05,-226.3,-1.52,0,31.07,-194.7
bc053,40.308,-108.9893333,6450,979612.25,980196,2.03,-219.9,-1.51,0,22.22,-197.26
bc054,40.30666667,-108.9946667,6230,979627.14,980196,1.66,-212.4,-1.51,0,16.55,-195.78
bc055,40.3055,-108.9995,6010,979641.21,980196,1.99,-204.9,-1.5,0,10.05,-194.44
bc056,40.305,-109.0055,5940,979644.25,980196,1.81,-202.6,-1.49,0,6.56,-195.72
bc057,40.30033333,-109.0148333,5870,979650.49,980195,1.44,-200.2,-1.49,0,6.63,-193.62
bc058,40.30116667,-109.0266667,5770,979653.32,980195,1.42,-196.8,-1.48,0,-0.01,-196.87
bC059,40.29966667,-109.0358333,5725,979655.11,980195,1.86,-195.2,-1.48,0,-2.31,-197.2
bc060,40.23383333,-109.0371667,5990,979636.08,980189,19,-204.3,-1.5,0,9.44,-196.17
bc061,40.22216667,-109.0405,5994,979634.26,980188,0.14,-204.4,-1.5,0,9.03,-196.76
bc062,40.22366667,-109.0505,6054,979627.74,980188,0.43,-206.4,-1.5,0,8.02,-199.53
bc063,40.21533333,-109.0571667,6008,979629.65,980188,0.33,-204.9,-1.5,0,6.35,-199.74
bc064,40.205,-109.0586667,5949,979631.76,980187,0.15,-202.9,-1.49,0,3.83,-200.41
bc065,40.19983333,-109.068,5990,979625.78,980186,0.33,-204.3,-1.5,0,2.17,-203.3
bc066,40.208,-109.0766667,5900,979630.89,980187,0.33,-201.2,-1.49,0,-1.9,-204.3
bC067,40.19633333,-109.0813333,5975,979624.8,980186,0.27,-203.7,-1.49,0,0.09,-204.93
bc068,40.20183333,-109.0855,6000,979622.96,980186,0.45,-204.6,-1.5,0,0.11,-205.58
bc069,40.197,-109.0868333,5930,979627.43,980186,0.32,-202.2,-1.49,0,-1.57,-205
bc070,40.19533333,-109.0968333,5910,979627.35,980186,0.18,-201.5,-1.49,0,-3.38,-206.26
bc071,40.198,-109.1018333,5935,979624.89,980186,0.19,-202.4,-1.49,0,-3.72,-207.45
bc072,40.19416667,-109.1148333,5870,979628.87,980186,0.11,-200.2,-1.49,0,-5.51,-207.1
bc073,40.2985,-109.0406667,5670,979656.74,980195,1.9,-193.3,-1.48,0,-5.75,-198.71
bc074,40.239,-109.01,5858,979649.26,980190,0.67,-199.8,-1.49,0,9.75,-190.87
bc075,40.2375,-109.0216667,5935,979643.19,980190,0.28,-202.4,-1.49,0,11.05,-192.59
bc076,40.237,-109.0271667,5990,979637.99,980190,0.2,-204.3,-1.5,0,11.07,-194.53
bc077,40.31683333,-108.9226667,8060,979520.36,980197,4.01,-274.9,-1.46,0,80.81,-191.55
