,APINO,Surface hole latitude (NAD83),Surface hole longitude (NAD83),Bottom hole latitude (NAD83),Bottom hole longitude (NAD83),Total vertical depth at bottom hole (ft),Number of frac stages,Total slurry (bbl),Total proppant (lb),Surface-to-bottom hole length (ft),Producing interval length (ft),Lateral azimuth (°),First 18 months oil (bbl),IP oil API gravity (°),Average gas-oil ratio (ft3/bbl),Calculated top of reservoir temperature (°F),API number,Company,Well type,WSGS reservoir
0,543307,44.06884,-105.1392,44.07319,-105.12271,6325.0,21.275862068965516,85183.4538927739,4967583.241417605,4613.209075,3831.0,75.222237,776.0,42.65357142857142,3793.8328290086765,159.0183,0,22,1,1
1,545589,43.67997,-105.66802,43.69113,-105.67225,10689.62,21.275862068965516,85183.4538927739,125124.0,4217.598301,3533.0,339.241676,57154.0,42.65357142857142,3793.8328290086765,199.85138,1,9,1,1
2,560281,43.53329,-105.43121,43.52093,-105.427393,10114.29,12.0,85183.4538927739,1992847.0,4615.909771,3754.0,162.83833,75721.0,52.2,7480.932203,239.576407,2,8,1,1
3,560880,43.53269,-105.46218,43.52074,-105.45589,10118.8,13.0,36638.0,1992421.0,4662.652084,4000.0,152.239483,68301.0,42.65357142857142,10961.748634,251.653471,3,8,1,1
4,560883,43.53544,-105.4247,43.5468,-105.43352,10025.2,13.0,85183.4538927739,2027081.0,4753.829417,4072.0,322.173933,52078.0,42.65357142857142,9099.137931,246.21639,4,8,1,1
5,560884,43.55094,-105.42421,43.56148,-105.43016,9893.5,12.0,34489.6,2166923.0,4151.544159,3203.0,330.554571,58629.0,42.65357142857142,9890.710383,238.553234,5,8,1,1
6,560885,43.50622,-105.43721,43.51701,-105.43948,9962.0,11.0,33107.5,1857325.0,3977.364162,3381.0,348.119371,69175.0,50.6,11303.030303,240.078472,6,8,1,1
7,560885,43.50622,-105.43721,43.51701,-105.43948,9962.0,11.0,33107.5,1857325.0,3977.364162,3381.0,348.119371,69175.0,50.6,11303.030303,240.078472,6,8,1,1
8,560886,43.50521,-105.46474,43.51707,-105.47098,10163.0,15.0,27470.0,1403780.0,4627.430987,3330.0,332.249424,84474.0,42.65357142857142,6696.581197,216.20302862173915,7,8,1,1
9,560888,43.56188,-105.42414,43.57572,-105.4317,9887.9,17.0,33151.0,1669927.0,5426.121487,3929.0,331.354745,39858.0,42.65357142857142,12271.186441,232.612436,8,8,1,1
10,560890,43.53203,-105.46163,43.54592,-105.47052,10095.3,12.0,29463.0,1675897.0,5582.827959,3683.0,327.379586,41891.0,42.65357142857142,15642.857143,243.274541,9,8,1,1
11,560891,43.54888,-105.46452,43.536176,-105.453704,10128.0,11.0,85183.4538927739,1686079.0,5444.831942,3363.0,139.589412,37020.0,42.65357142857142,15346.534653,244.375401,10,8,1,1
12,560893,43.51803,-105.46164,43.50636,-105.45537,10118.3,16.0,85183.4538927739,3329066.0,4565.72423,3646.0,151.75197,70139.0,42.65357142857142,6474.074074,240.743471,11,8,1,1
13,561022,43.7811,-105.41211,43.768947,-105.405515,9090.0,15.0,21457.399999999983,1674934.0,4758.456698,4115.0,151.511801,50195.0,38.7,1014.423077,193.899244,12,20,1,1
14,561041,43.51968,-105.4382,43.53196,-105.44081,10004.39,12.0,29362.0,1605390.0,4527.65854,3798.0,348.000869,79382.0,42.65357142857142,10513.368984,248.515656,13,8,1,1
15,561049,43.73741,-105.70447,43.74992,-105.6973,10615.2,13.0,85183.4538927739,3169411.0,4936.420135,4214.0,29.818811,164902.0,42.65357142857142,503.205128,190.920451,14,9,1,1
16,561050,43.56459,-105.44564,43.5761,-105.45063,10108.71,13.0,85183.4538927739,2434997.0,4397.366153,3863.0,336.561529,23702.0,42.65357142857142,25070.588235,233.546298,15,9,1,1
17,561051,43.75384,-105.39421,43.76511,-105.40023,8969.0,14.0,85183.4538927739,2098100.0,4403.633853,3810.0,331.890584,55003.0,38.2,1134.375,188.354203,16,20,1,1
18,561052,43.75385,-105.39345,43.73947,-105.38523,8986.0,14.0,85183.4538927739,2342177.0,5671.920922,3684.0,150.246538,76308.0,39.0,1157.563025,188.23735,17,20,1,1
19,561153,43.72217,-105.67437,43.73536,-105.66735,10475.6,13.0,85183.4538927739,2692953.0,5151.854759,4470.0,28.022863,146976.0,42.65357142857142,328.358209,172.59982,18,9,1,1
20,561158,43.56146,-105.47798,43.55143,-105.47342,10297.0,11.0,25115.0,1415599.0,3849.250383,3469.0,155.551741,33562.0,42.65357142857142,16762.962963,244.471037,19,8,1,1
21,561164,43.50497,-105.48945,43.51697,-105.49313,10385.6,11.0,25798.0,1994773.0,4480.034855,3763.0,342.950969,74982.0,42.65357142857142,8983.695652,216.20302862173915,20,8,1,1
22,561172,43.53306,-105.47572,43.52046,-105.48146,10237.0,26.0,59743.0,3633879.0,4836.726729,4559.0,204.491901,59150.0,42.65357142857142,7329.113924,216.20302862173915,21,8,1,1
23,561174,43.50499,-105.47715,43.49169,-105.47341,10378.3,17.0,85183.4538927739,2223248.0,4946.609124,3851.0,164.293857,77623.0,42.65357142857142,8552.486188,216.20302862173915,22,8,1,1
24,561191,43.5324,-105.46866,43.52097,-105.4656,10161.44,15.0,29205.0,1472986.0,4243.04252,3367.0,165.012438,63678.0,42.65357142857142,8671.717172,241.042177,23,8,1,1
25,561201,43.5033,-105.46903,43.49112,-105.46625,10315.13,18.0,47693.0,2439071.0,4498.861587,3975.0,167.142882,39469.0,42.65357142857142,61115.384615,216.20302862173915,24,8,1,1
26,561203,43.54677,-105.51113,43.56071,-105.51313,10243.19,16.0,26482.0,1527751.0,5106.951746,3580.0,351.835375,51209.0,42.65357142857142,7675.0,216.20302862173915,25,8,1,1
27,561211,43.76748,-105.41021,43.75413,-105.40535,9149.0,14.0,85183.4538927739,2302832.0,5031.010082,3304.0,159.99622,70333.0,38.2,1399.014778,213.442938,26,20,1,1
28,561212,43.78068,-105.39393,43.794223,-105.399995,8949.6,14.0,85183.4538927739,2342177.0,5188.093775,3642.0,335.875598,56919.0,42.65357142857142,3793.8328290086765,166.230376,27,20,1,1
29,561226,43.65035,-105.58222,43.66226,-105.5756,10397.0,13.0,85183.4538927739,1807999.0,4679.868802,3951.0,29.066856,146816.0,42.65357142857142,1328.125,213.140675,28,9,1,1
30,561228,43.53193,-105.52129,43.52065,-105.51679,10554.3,16.0,22269.0,1604991.0,4279.780941,3546.0,158.251155,81746.0,42.65357142857142,250000.0,216.20302862173915,29,8,1,1
31,561268,43.72192,-105.45174,43.7107,-105.44541,9551.0,14.0,85183.4538927739,2379782.0,4417.422546,3507.0,150.569564,54824.0,38.7,2268.817204,192.068584,30,20,1,1
32,561269,43.7221,-105.44184,43.71078,-105.43521,9452.6,14.0,37107.3,1987080.0,4481.565942,3865.0,149.642961,54100.0,39.0,1035.911602,175.518075,31,20,1,1
33,561270,43.72265,-105.44184,43.72468,-105.46095,9528.0,14.0,43945.299999999996,2305380.0,5103.893519,4355.0,276.063625,52351.0,35.1,950.437318,185.814127,32,20,1,1
34,561271,43.67703,-105.65284,43.66551,-105.64716,10804.43,16.0,43311.399999999994,3188943.0,4458.466696,3495.0,153.754142,92247.0,43.0,1334.645669,208.945324,33,5,1,1
35,561309,43.54677,-105.51104,43.53598,-105.50575,10308.0,16.0,29824.0,1487056.0,4174.141745,3358.0,153.88273,72422.0,42.65357142857142,8160.377358,216.20302862173915,34,8,1,1
36,561310,43.53285,-105.49731,43.52088,-105.49341,10276.0,12.0,27568.0,3171633.0,4482.418564,3716.0,161.953638,77536.0,42.65357142857142,8663.316583,222.320461,35,8,1,1
37,561314,43.53453,-105.54929,43.54549,-105.55352,10639.4,10.0,49395.0,2640700.0,4147.958781,3418.0,338.89596,75955.0,42.65357142857142,7230.434783,224.772822,36,8,1,1
38,561315,43.506,-105.44876,43.49177,-105.44779,10079.9,16.0,85183.4538927739,1620287.0,5191.34693,3740.0,176.100417,82987.0,42.65357142857142,5469.84127,238.47961,37,8,1,1
39,561318,43.67718,-105.59735,43.66454,-105.60156,10409.5,13.0,85183.4538927739,2041871.0,4738.512103,3945.0,198.421349,146010.0,42.65357142857142,1069.59707,189.583744,38,9,1,1
40,561319,43.80837,-105.56241,43.8042,-105.52494,9782.0,14.0,85183.4538927739,2331755.0,10004.34241,3595.0,96.350261,3749.0,42.65357142857142,1134.0,185.371679,39,20,1,1
41,561320,43.82422,-105.40138,43.8126,-105.39515,8890.0,14.0,85183.4538927739,2327840.0,4542.049463,3462.0,151.802257,113508.0,35.8,3325.966851,186.94848,40,20,1,1
42,561322,43.51933,-105.42905,43.5163,-105.40643,9957.0,12.0,24083.0,2990307.0,6098.738456,3734.0,97.629483,31323.0,42.65357142857142,14913.978495,216.20302862173915,41,1,1,1
43,561324,43.53383,-105.5376,43.50537,-105.54193,10882.0,55.0,138346.0,4025080.0,10433.412107,9547.0,188.650831,131061.0,42.65357142857142,8148.760331,216.20302862173915,42,8,1,1
44,561328,43.54875,-105.48909,43.56096,-105.4934,10207.4,18.0,21853.0,1639635.0,4593.2698,3978.0,340.557511,32741.0,42.65357142857142,9448.484848,216.20302862173915,43,8,1,1
45,561329,43.54888,-105.45488,43.56133,-105.46037,10098.58,18.0,19015.0,1414602.0,4764.017413,4026.0,336.204254,37409.0,42.65357142857142,24166.666667,216.20302862173915,44,8,1,1
46,561343,43.78071,-105.39112,43.76825,-105.39004,9016.0,14.0,85183.4538927739,1204819.0,4549.182283,3774.0,175.046134,46090.0,42.65357142857142,3793.8328290086765,171.15162,45,20,1,1
47,561351,43.7375,-105.69444,43.75007,-105.68727,10523.2,13.0,85183.4538927739,1810911.0,4956.610344,4186.0,29.700683,138417.0,42.65357142857142,461.172742,193.779252,46,9,1,1
48,561399,43.78087,-105.4663,43.7688,-105.46503,9444.03,15.0,85183.4538927739,1746284.0,4410.913258,3202.0,173.993465,81722.0,42.65357142857142,814.60177,216.20302862173915,47,7,1,1
49,561404,43.57889,-105.44909,43.57966,-105.4359,10073.09,11.0,27902.0,1008420.0,3505.194035,2308.0,86.659004,16535.0,42.65357142857142,19578.947368,216.20302862173915,48,8,1,1
50,561406,43.78264,-105.42378,43.79437,-105.43022,9157.0,15.0,85183.4538927739,1314711.0,4599.917801,3990.0,331.232351,60339.0,36.4,2647.058824,175.154945,49,20,1,1
51,561408,43.76752,-105.42354,43.77976,-105.43007,9149.14,10.0,85183.4538927739,2778060.0,4781.748596,3588.0,331.920225,74947.0,37.8,153.374233,185.614069,50,20,1,1
52,561448,43.75127,-105.70425,43.76457,-105.69697,10429.26,13.0,85183.4538927739,1789068.0,5213.918741,4352.0,28.694904,120650.0,36.8,462.526767,180.003471,51,9,1,1
53,561450,43.76517,-105.71639,43.75227,-105.72359,10588.9,13.0,85183.4538927739,1985912.0,5070.759462,4176.0,209.167613,99305.0,35.5,530.516432,177.780883,52,9,1,1
54,561452,43.53302,-105.39653,43.52112,-105.39393,9779.43,17.0,85183.4538927739,1656000.0,4390.444128,3583.0,167.675273,43441.0,53.0,11081.081081,200.301058,53,1,1,1
55,561456,43.70867,-105.65587,43.69432,-105.66361,10559.0,13.0,30396.0,1994812.0,5615.065893,4413.0,208.341217,145310.0,39.6,764.77146,216.20302862173915,54,9,1,1
56,561465,43.80667,-105.50446,43.80766,-105.48416,9297.0,10.0,85183.4538927739,2499080.0,5369.169958,4287.0,87.207984,7999.0,35.1,1166.666667,216.20302862173915,55,20,1,1
57,561484,43.64948,-105.66563,43.662,-105.66917,10890.02,17.0,44187.0,3266032.0,4657.251689,3755.0,344.211877,119970.0,38.6,889.047431,216.20302862173915,56,5,1,1
58,561485,43.63408,-105.55421,43.62244,-105.55629,10438.09,16.0,85183.4538927739,3153629.0,4276.965661,3421.0,190.131486,151169.0,42.65357142857142,2095.505618,209.972002,57,5,1,1
59,561486,43.66426,-105.62552,43.67677,-105.62912,10774.99,16.0,46750.0,3150810.0,4656.847304,3720.0,343.94578,107201.0,32.6,714.025501,169.726674,58,5,1,1
60,561487,43.63488,-105.60363,43.63772,-105.58616,10577.12,15.0,38225.0,3029292.0,4737.779244,3903.0,80.766519,184131.0,46.0,1126.126126,186.984211,59,5,1,1
61,561498,43.64798,-105.66361,43.6355,-105.66026,10983.5,17.0,44889.0,3401420.0,4633.122742,3519.0,164.974328,172989.0,42.0,1652.430044,216.20302862173915,60,5,1,1
62,561501,43.72114,-105.657,43.70875,-105.66339,10512.2,13.0,85183.4538927739,1758969.0,4820.337182,3972.0,207.2819,136415.0,38.9,697.236181,184.438726,61,9,1,1
63,561502,43.765,-105.72643,43.75218,-105.7337,10690.3,13.0,85183.4538927739,1806998.0,5050.754009,4216.0,209.556821,72791.0,35.5,465.517241,195.762614,62,9,1,1
64,561503,43.73778,-105.71433,43.74985,-105.70723,10607.56,13.0,85183.4538927739,1691561.0,4781.474642,3895.0,30.465545,140666.0,36.7,534.709193,193.584206,63,9,1,1
65,561508,43.56358,-105.48578,43.57624,-105.48635,10323.63,16.0,16499.0,1526694.0,4615.449924,3927.0,357.422073,34424.0,42.65357142857142,11358.490566,216.20302862173915,64,8,1,1
66,561548,43.73577,-105.69745,43.72312,-105.70292,10753.85,13.0,30050.0,2016401.0,4830.857733,4136.0,203.38419,144996.0,36.6,390.202703,213.242104,65,9,1,1
67,561549,43.73577,-105.68761,43.72315,-105.6939,10628.5,13.0,85183.4538927739,2036448.0,4889.763946,4117.0,206.492364,152780.0,36.8,514.440433,186.126691,66,9,1,1
68,561565,43.73742,-105.73453,43.74971,-105.7276,10678.75,13.0,85183.4538927739,1748340.0,4838.159449,4048.0,29.41748,90918.0,42.65357142857142,356.481481,181.967492,67,9,1,1
69,561567,43.69374,-105.67386,43.70617,-105.66752,10619.06,13.0,31308.0,1995154.0,4829.529517,3929.0,27.024142,132060.0,39.6,551.863041,189.214601,68,9,1,1
70,561572,43.57598,-105.99911,43.58837,-106.00037,12319.24,19.0,62405.0,3311084.0,4527.204276,3651.0,354.193273,106223.0,40.0,839.731286,227.360781,69,7,1,0
71,561579,43.53576,-105.42469,43.53602,-105.40585,9914.05,18.0,59264.0,3310015.0,4995.067408,3968.0,89.209344,20716.0,42.65357142857142,11012.5,216.20302862173915,70,1,1,1
72,561582,43.5357,-105.42469,43.52063,-105.40598,9966.68,17.0,48069.0,2314935.0,7399.773208,5699.0,128.849763,26197.0,42.65357142857142,149.253731,216.20302862173915,71,1,1,1
73,561584,43.78059,-105.5128,43.76816,-105.51032,9568.75,20.0,4110.0,2533850.0,4576.432931,3750.0,168.716663,14981.0,40.0,1431.325301,209.686328,72,7,1,1
74,561585,43.77953,-105.66481,43.76731,-105.66698,10256.22,15.0,85183.4538927739,3123893.0,4489.599242,4020.0,190.069487,111139.0,37.8,357.142857,211.408242,73,7,1,1
75,561587,43.76701,-105.47778,43.75429,-105.47488,9551.33,17.0,51151.0,3390332.0,4697.843419,4004.0,167.156802,84027.0,36.1,1115.621494,213.513929,74,7,1,1
76,561590,43.73592,-105.72742,43.72297,-105.73278,10819.11,13.0,85183.4538927739,1955223.0,4926.858369,4185.0,202.484645,117741.0,37.6,537.109375,216.20302862173915,75,9,1,1
77,561610,43.62176,-105.5325,43.6344,-105.52584,10189.88,13.0,31688.0,1932053.0,4931.567547,4210.0,27.784689,67189.0,47.6,2469.879518,216.20302862173915,76,9,1,1
78,561611,43.55076,-105.42395,43.55133,-105.40509,9826.25,17.0,36340.0,1606184.0,5002.531371,3719.0,88.268894,37578.0,42.65357142857142,13658.536585,216.20302862173915,77,1,1,1
79,561612,43.70613,-105.71732,43.693952,-105.724002,10998.68,12.0,29062.0,1385368.0,4776.240131,4132.0,208.753328,68368.0,40.0,411.290323,209.503403,78,9,1,1
80,561613,43.72115,-105.67737,43.70876,-105.68373,10609.99,13.0,85183.4538927739,1893777.0,4817.575204,4008.0,207.172209,144381.0,38.5,524.8,216.20302862173915,79,9,1,1
81,561625,43.72113,-105.60548,43.70849,-105.61359,10561.64,21.275862068965516,85183.4538927739,2004240.0,5080.205334,4133.0,212.684796,76894.0,38.4,615.89404,202.045235,80,9,1,1
82,561643,43.69246,-105.74228,43.70568,-105.74251,11039.38,14.0,58324.0,3935120.0,4817.642177,3816.0,359.003275,105368.0,42.0,613.132911,213.503477,81,19,1,1
83,561666,43.61984,-105.8088,43.63272,-105.81271,11829.82,14.0,58839.0,3920000.0,4806.105353,4158.0,343.113209,151822.0,42.65357142857142,1765.337423,242.351213,82,19,1,0
84,561688,43.62052,-105.74306,43.63277,-105.74277,11436.75,14.0,85183.4538927739,3928880.0,4464.402405,3872.5,1.356137,215185.0,47.0,1648.638282,237.175092,83,19,1,0
85,561695,43.6497,-105.7449,43.66146,-105.74271,11319.41,14.0,57497.0,3689169.0,4324.207527,3658.0,10.54904,48891.0,41.0,945.945946,232.729599,84,19,1,0
86,561697,43.64226,-105.6435,43.64495,-105.62722,10889.08,17.0,44572.0,3378943.0,4418.051237,3718.0,80.617596,165439.0,42.0,676.124567,216.20302862173915,85,5,1,1
87,561699,43.75219,-105.46049,43.73905,-105.46028,9605.0,15.0,36512.0,3185024.0,4788.337716,4184.0,179.084392,48186.0,36.0,879.519406,216.20302862173915,86,7,1,1
88,561702,43.56073,-105.55706,43.53444,-105.55621,10808.0,40.0,186075.0,15232117.0,9582.068362,9474.0,178.148176,357900.0,51.7,3777.097902,235.388471,87,8,1,1
89,561703,43.56074,-105.55724,43.57562,-105.55686,10692.0,19.0,60567.0,4521539.0,5422.854962,4367.0,1.462881,103661.0,51.5,5143.678161,216.20302862173915,88,8,1,1
90,561706,43.56083,-105.54985,43.57566,-105.54596,10669.0,18.0,67501.0,5169190.0,5501.104192,4348.0,14.697912,144132.0,54.0,4200.0,216.20302862173915,89,8,1,1
91,561708,43.7809,-105.49812,43.76844,-105.50029,9500.02,17.0,50418.0,3768440.0,4576.280762,4182.0,189.879391,29850.0,35.3,687.318841,216.20302862173915,90,7,1,1
92,561714,43.76608,-105.6647,43.75268,-105.66239,10321.3,10.0,34475.0,3703000.0,4920.823301,3815.0,170.219025,110569.0,36.5,558.139535,216.20302862173915,91,7,1,1
93,561718,43.75141,-105.69435,43.76471,-105.68687,10417.0,13.0,85183.4538927739,2008107.0,5233.621429,4293.0,29.353663,91501.0,38.2,487.179487,216.20302862173915,92,9,1,1
94,561719,43.64998,-105.57221,43.66251,-105.5655,10310.64,13.0,85183.4538927739,1975737.0,4898.674446,3970.0,28.169707,92319.0,42.1,1253.776435,222.669767,93,9,1,1
95,561723,43.67749,-105.6702,43.66534,-105.67316,10814.57,17.0,43043.0,3387498.0,4495.992373,3521.0,193.691762,122951.0,39.7,477.142287,200.339681,94,5,1,1
96,561724,43.61805,-105.75275,43.60634,-105.75312,11595.58,18.0,114364.0,6862458.0,4268.092098,4297.0,181.809768,97124.64019851117,45.3,3266.35514,216.20302862173915,95,2,1,0
97,561725,43.57478,-105.99444,43.56213,-105.99503,12338.49,15.0,85183.4538927739,4378757.0,4612.262387,3975.0,182.670358,53596.0,40.0,2333.333333,202.625462,96,7,1,0
98,561729,43.69253,-105.61581,43.67946,-105.6226,10702.88,13.0,26521.0,1674866.0,5089.732192,4304.0,207.452343,137040.0,41.7,851.936219,188.232239,97,9,1,1
99,561732,43.56083,-105.54976,43.53446,-105.54646,10751.0,35.0,169769.0,13236380.0,9648.286104,8800.0,172.866961,97124.64019851117,51.5,5913.043478,216.20302862173915,98,8,1,1
100,561733,43.56083,-105.54994,43.57588,-105.55098,10662.0,18.0,59598.0,4289660.0,5490.779285,4397.0,356.046975,96280.0,53.7,1577.898551,245.942135,99,8,1,1
101,561735,43.56074,-105.55733,43.57525,-105.56188,10664.78,18.0,62928.0,5151646.0,5422.793051,4292.0,342.589783,122797.0,51.7,4465.734266,216.20302862173915,100,8,1,1
102,561737,43.65025,-105.64325,43.65243,-105.6261,10779.9,17.0,42523.0,3412063.0,4606.585418,3456.0,82.755772,120919.0,42.2,421.367521,216.20302862173915,101,5,1,1
103,561746,43.57488,-105.99433,43.58898,-105.98964,12305.0,14.0,85183.4538927739,3936100.0,5286.067166,4050.0,18.398369,55234.0,41.0,2143.369176,222.808189,102,7,1,0
104,561747,43.56112,-105.98648,43.54769,-105.98008,12262.0,14.0,85183.4538927739,6016190.0,5179.412202,4375.0,154.520097,88588.0,38.0,363.636364,216.20302862173915,103,7,1,0
105,561748,43.56115,-105.9863,43.57421,-105.97997,12236.0,10.0,85183.4538927739,4079775.0,5045.903348,3592.0,25.858822,40119.0,38.0,630.057803,170.81079,104,7,1,0
106,561749,43.72259,-105.51875,43.70948,-105.51589,9888.0,11.0,38073.0,3563459.0,4836.513747,3856.0,167.693501,74492.0,42.65357142857142,1135.754717,200.738424,105,7,1,1
107,561752,43.7359,-105.67751,43.72328,-105.68396,10531.87,13.0,85183.4538927739,1759862.0,4904.289356,4091.0,207.07128,118911.0,37.6,509.375,179.490751,106,9,1,1
108,561753,43.67841,-105.60904,43.6914,-105.6121,10491.9,20.0,48560.0,3748854.0,4802.034556,4203.0,346.74473,99270.0,42.0,832.020997,193.123892,107,24,1,1
109,561758,43.75211,-105.44869,43.739,-105.44895,9574.0,15.0,54563.0,3549256.0,4777.574473,4099.0,181.136152,80765.0,37.0,1148.148148,216.20302862173915,108,7,1,1
110,561759,43.65066,-105.656,43.662046,-105.656788,10911.62,13.0,32412.0,2562512.0,4154.127621,2450.0,356.040998,84534.0,38.6,657.381616,216.20302862173915,109,5,1,1
111,561761,43.79536,-105.32255,43.78269,-105.33008,8693.0,19.0,85183.4538927739,3135752.0,5026.463709,4566.0,210.723748,45883.0,36.0,764.705882,195.656145,110,15,1,1
112,561763,43.75037,-105.66545,43.76487,-105.67323,10313.39,13.0,41495.0,4021363.0,5669.186098,4618.0,331.784141,119237.0,37.5,751.914894,216.20302862173915,111,7,1,1
113,561767,43.67842,-105.59906,43.6912,-105.6016,10414.9,19.0,45355.0,3554400.0,4705.031533,4135.0,348.759057,109417.0,41.0,845.971564,216.20302862173915,112,24,1,1
114,561769,43.73727,-105.609,43.74997,-105.60609,10415.0,10.0,44622.0,4388700.0,4691.160611,3365.0,12.905623,71325.0,39.0,483.988764,195.086582,113,7,1,1
115,561782,43.66264,-105.68756,43.65061,-105.68969,11015.53,17.0,40826.0,3194429.0,4419.64461,3082.0,190.040581,104002.0,38.0,618.381618,216.20302862173915,114,5,1,1
116,561785,43.78111,-105.48538,43.76851,-105.48534,9452.18,21.275862068965516,85183.4538927739,8497015.0,4591.292821,3925.0,179.818109,93004.0,39.0,350.649351,195.521974,115,7,1,1
117,561788,43.66394,-105.68984,43.67604,-105.68799,10913.53,17.0,46248.0,3398694.0,4436.160472,3065.0,8.692781,147209.0,41.4,540.523293,216.20302862173915,116,5,1,1
118,561795,43.79568,-105.6923,43.7818,-105.69217,10327.0,12.0,77894.0,3359080.0,5057.923381,4126.0,179.463384,11895.0,37.5,3793.8328290086765,216.20302862173915,117,7,1,1
119,561797,43.78021,-105.6774,43.76743,-105.67746,10273.0,11.0,44494.0,4154450.0,4656.979421,3792.0,180.268992,60921.0,38.0,3793.8328290086765,216.20302862173915,118,7,1,1
120,561799,43.78097,-105.68384,43.79356,-105.68229,10225.0,10.0,85183.4538927739,3925317.0,4605.942277,3860.0,7.018571,12824.0,39.0,3793.8328290086765,216.20302862173915,119,7,1,1
121,561801,43.7659,-105.68397,43.75264,-105.67785,10359.0,11.0,85183.4538927739,3574088.0,5095.032819,4342.0,155.224859,126052.0,42.65357142857142,3793.8328290086765,216.20302862173915,120,7,1,1
122,561816,43.57705,-105.58157,43.58963,-105.57444,10687.79,20.0,71563.0,5746523.0,4957.688013,4669.0,29.543379,105837.0,47.8,4194.508009,216.20302862173915,121,8,1,1
123,561818,43.73601,-105.65058,43.72317,-105.65443,10443.99,13.0,85183.4538927739,1966265.0,4788.089752,3916.0,196.691056,113178.0,39.1,567.68559,177.555045,122,9,1,1
124,561827,43.57711,-105.56599,43.58966,-105.56657,10557.84,17.0,68865.0,4877340.0,4575.519208,4031.0,357.35395,105527.0,54.0,4188.6121,216.20302862173915,123,8,1,1
125,561830,43.6643,-105.54976,43.65111,-105.55133,10237.69,13.0,32103.0,1977313.0,4824.110183,4179.0,186.787955,36103.0,43.0,1588.628763,210.38853,124,9,1,1
126,561845,43.64968,-105.52864,43.6371,-105.52593,10118.27,18.0,92725.0,5033645.0,4639.6558,4168.0,167.843049,63228.0,42.65357142857142,2354.460094,216.20302862173915,125,8,1,1
127,561847,43.66267,-105.58576,43.65047,-105.59222,10479.73,13.0,85183.4538927739,1975491.0,4762.673716,3954.0,207.901586,129489.0,43.4,1264.327485,206.599384,126,9,1,1
128,561851,43.76704,-105.36634,43.73905,-105.36594,8903.93,32.0,85100.0,6179060.0,10199.627851,9375.0,179.181252,62569.0,32.9,3793.8328290086765,187.116378,127,20,1,1
129,561852,43.76666,-105.3658,43.79434,-105.36641,8701.0,30.0,77154.0,5364584.0,10087.45605,8871.0,358.737544,77024.0,36.6,911.005705,216.20302862173915,128,20,1,1
130,561869,43.7961,-105.50398,43.78256,-105.51197,9505.26,13.0,85183.4538927739,1934496.0,5365.734342,4223.0,210.544999,13226.0,34.8,948.453608,166.931047,129,9,1,1
131,561885,43.70817,-105.50578,43.69528,-105.50578,9958.0,12.0,41031.0,4507633.0,4696.90052,4033.0,180.0,55706.0,39.0,1608.832808,216.20302862173915,130,7,1,1
132,561887,43.66391,-105.57155,43.67708,-105.56545,10252.55,13.0,27996.0,1977893.0,5062.889362,4320.0,24.85234,83302.0,42.2,1068.05293,222.051796,131,9,1,1
133,561894,43.66168,-105.60624,43.65109,-105.60841,10626.0,17.0,40398.0,3397136.0,3901.294623,2928.0,191.580194,152307.0,42.3,1033.136966,216.20302862173915,132,5,1,1
134,561895,43.64968,-105.71727,43.66036,-105.71724,11178.55,14.0,57931.0,3935680.0,3891.670291,3028.0,0.160943,126411.0,42.65357142857142,931.294326,212.209782,133,19,1,1
135,561906,43.62044,-105.75626,43.63282,-105.75797,11530.23,14.0,56004.0,3934120.0,4533.770903,3360.0,352.135724,100599.0,47.7,2180.885183,216.20302862173915,134,19,1,0
136,561908,43.76563,-105.724,43.77922,-105.71704,10497.4,13.0,85183.4538927739,2030140.0,5282.153984,4410.0,27.11886,6833.0,36.2,937.5,194.844581,135,9,1,1
137,561911,43.73719,-105.51858,43.7245,-105.51599,9797.98,11.0,85183.4538927739,4397491.0,4674.419373,3874.0,168.464495,44557.0,39.0,364.40678,216.20302862173915,136,7,1,1
138,561913,43.7233,-105.50797,43.73694,-105.5064,9718.18,12.0,85183.4538927739,4683293.0,4987.495994,4261.0,6.566,43790.0,39.0,732.928551,194.496514,137,7,1,1
139,561915,43.7233,-105.50778,43.70973,-105.50525,9814.62,11.0,85183.4538927739,4318540.0,4989.700123,4152.0,169.438989,77290.0,39.0,1497.058824,204.185184,138,7,1,1
140,561923,43.70781,-105.60289,43.72029,-105.59578,10352.03,13.0,85183.4538927739,2012636.0,4920.53405,4188.0,29.670664,51395.0,40.6,533.834586,200.44096,139,9,1,1
141,561925,43.7356,-105.60542,43.72321,-105.61361,10500.1,13.0,48395.0,2032585.0,5006.650336,4307.0,213.465379,55046.0,39.2,848.341232,186.812119,140,9,1,1
142,561926,43.54656,-106.00063,43.57291,-106.00593,12363.0,6.0,85183.4538927739,11940247.0,9704.014226,8723.0,348.627358,180067.0,39.0,1218.446602,229.473413,141,7,1,0
143,561929,43.67778,-105.60517,43.66469,-105.6122,10520.9,13.0,28367.0,1945033.0,5119.40291,4481.0,208.238075,127013.0,41.9,968.274112,183.163171,142,9,1,1
144,561934,43.59145,-105.79018,43.60359,-105.78885,11682.38,14.0,55341.0,3958080.0,4437.662325,3717.0,6.252116,313356.0,42.65357142857142,3577.912254,225.934051,143,19,1,0
145,561934,43.59145,-105.79018,43.60359,-105.78885,11682.38,14.0,55341.0,3958080.0,4437.662325,3717.0,6.252116,313356.0,42.65357142857142,3577.912254,225.934051,143,19,1,0
146,561935,43.57965,-105.39591,43.59071,-105.40065,9620.12,28.0,70345.0,4004240.0,4220.998186,3822.0,336.801409,48643.0,42.65357142857142,22642.228739,216.20302862173915,144,19,1,1
147,561949,43.59265,-105.50638,43.60527,-105.5062,10253.85,14.0,56570.0,3933600.0,4598.681588,3911.0,0.817159,123862.0,42.65357142857142,2795.827124,216.20302862173915,145,19,1,1
148,561984,43.63543,-105.75072,43.64719,-105.7531,11403.02,14.0,57014.0,3938719.0,4331.244703,3781.0,348.558956,40945.0,42.65357142857142,704.212454,216.20302862173915,146,19,1,0
149,561997,43.67887,-105.62598,43.6914,-105.6272,10689.38,14.0,58324.0,3929974.0,4577.142497,3338.0,354.43885,176900.0,42.0,813.700919,219.589769,147,19,1,1
150,561998,43.67887,-105.63581,43.69132,-105.63704,10660.06,14.0,57043.0,3972528.0,4548.257397,3584.0,354.357763,250026.0,42.65357142857142,607.481297,216.20302862173915,148,19,1,1
151,562015,43.8256,-105.37242,43.812747,-105.37836,8753.39,17.0,85183.4538927739,3340019.9999999995,4938.726983,4143.0,204.803968,133639.0,36.7,686.851211,176.327939,149,15,1,1
152,562038,43.67989,-105.55473,43.69143,-105.56132,10193.32,14.0,58494.0,3933316.0,4551.763992,4236.0,330.271162,34200.0,42.65357142857142,2424.369748,219.034177,150,19,1,1
153,562043,43.72096,-105.72704,43.70833,-105.73391,10970.85,13.0,31688.0,1932053.0,4947.524512,4175.0,208.54367,120228.0,39.6,436.641221,226.274738,151,9,1,1
154,562044,43.79549,-105.32255,43.80946,-105.31374,8527.02,18.0,85183.4538927739,3592870.0,5596.310203,4566.0,32.237051,65420.0,36.0,3793.8328290086765,197.916095,152,15,1,1
155,562045,43.50352,-105.44414,43.49213,-105.40793,9847.6,49.0,159907.0,6305640.0,10462.991323,9660.0,107.461177,105872.0,42.65357142857142,6761.46789,209.762935,153,1,1,1
156,562049,43.65119,-105.50615,43.663055,-105.513543,10017.33,17.0,35606.0,3062500.0,4745.197486,3923.0,328.07325,28362.0,40.2,2947.145877,321.28584,154,7,1,1
157,562053,43.59285,-105.40439,43.60533,-105.4055,9575.06,14.0,57895.0,3937894.0,4556.878047,4417.0,354.917355,69146.0,49.9,18859.602649,233.352582,155,19,1,1
158,562060,43.63735,-105.4449,43.64965,-105.44505,9628.49,14.0,57957.0,3920000.0,4482.023745,3751.0,359.301306,4911.0,42.65357142857142,39590.909091,204.428274,156,19,1,1
159,562065,43.56161,-105.42414,43.5906,-105.42081,9873.0,54.0,123411.0,3945100.0,10599.943939,9322.0,6.552686,41639.0,42.65357142857142,16131.313131,246.697198,157,8,1,1
160,562070,43.60621,-105.74394,43.6181,-105.7431,11380.51,28.0,62765.0,4004020.0,4338.256639,3792.0,4.041095,149558.0,42.65357142857142,1500.563063,216.20302862173915,158,19,1,0
161,562074,43.60569,-105.5885,43.618,-105.5867,10605.4,17.0,47275.0,3486945.0,4510.764342,3126.0,8.318982,248788.0,44.7,578.927349,216.20302862173915,159,5,1,1
162,562079,43.59041,-105.74676,43.57725,-105.75389,11562.15,14.0,85183.4538927739,3692758.0,5153.810401,4482.0,208.448539,94925.0,46.6,3164.591978,218.491897,160,9,1,0
163,562080,43.63357,-105.72806,43.62103,-105.72748,11367.72,14.0,55029.0,3935174.0,4571.985294,3431.0,177.351843,60997.0,42.65357142857142,1398.089172,109.740166,161,19,1,0
164,562094,43.67743,-105.65542,43.69136,-105.64684,10647.55,13.0,85183.4538927739,3614243.0,5559.91521,4493.0,31.630445,176582.0,40.6,787.625418,216.20302862173915,162,9,1,1
165,562100,43.63473,-105.70671,43.64736,-105.70796,11191.79,28.0,64445.0,3999340.0,4614.07452,3886.0,354.347803,61458.0,41.6,1484.09894,231.020081,163,19,1,1
166,562108,43.64743,-105.68865,43.63547,-105.6876,11075.76,28.0,64905.0,4004940.0,4366.902825,3954.0,174.982716,115500.0,42.65357142857142,1342.424242,232.115413,164,19,1,1
167,562112,43.62172,-105.54276,43.63434,-105.53478,10306.96,13.0,85183.4538927739,1992993.0,5060.351128,4363.0,32.306381,72643.0,45.3,1653.739612,211.625129,165,9,1,1
168,562117,43.78016,-105.65839,43.7672,-105.65749,10233.87,12.0,85183.4538927739,4473680.0,4728.508755,3961.0,176.027504,71770.0,39.0,3793.8328290086765,216.20302862173915,166,7,1,1
169,562118,43.75159,-105.65273,43.76467,-105.65244,10294.59,11.0,85183.4538927739,4715100.0,4766.860382,3991.0,1.270111,136034.0,39.0,1958.421053,216.20302862173915,167,7,1,1
170,562122,43.76653,-105.70595,43.75237,-105.7143,10538.02,13.0,32136.0,1935384.0,5611.341087,4558.0,210.527396,73344.0,36.6,390.532544,213.417009,168,9,1,1
171,562123,43.72173,-105.68704,43.70853,-105.69392,10707.38,13.0,85183.4538927739,1993335.0,5142.205035,4485.0,207.529072,148112.0,37.4,473.611111,182.95653,169,9,1,1
172,562133,43.57705,-105.58166,43.58958,-105.58192,10716.97,18.0,63658.0,5168171.0,4566.17761,4205.0,358.811272,96364.0,47.8,4163.240629,216.20302862173915,170,8,1,1
173,562135,43.5312,-106.00111,43.5031,-106.00277,12350.8,30.0,107256.0,6004440.0,10248.913341,9535.0,183.380804,131038.0,39.5,936.625514,237.605172,171,18,1,0
174,562136,43.73596,-105.63627,43.72301,-105.64335,10486.8,13.0,85183.4538927739,1989936.0,5076.162038,4420.0,208.666228,87941.0,38.2,621.247113,220.545937,172,9,1,1
175,562137,43.72227,-105.66432,43.73544,-105.65752,10389.65,12.0,85183.4538927739,1897511.0,5124.377774,4212.0,27.308437,78406.0,37.4,530.21978,220.106005,173,9,1,1
176,562146,43.69308,-105.51841,43.6658,-105.51604,10182.69,24.0,85183.4538927739,10306620.0,9960.086177,8924.0,175.034791,85125.0,39.0,864.784547,216.20302862173915,174,7,1,1
177,562150,43.69445,-105.52815,43.70706,-105.52697,10102.0,11.0,85183.4538927739,4348227.0,4605.457596,3892.0,5.345972,33691.0,39.0,798.839764,216.20302862173915,175,7,1,1
178,562153,43.69423,-105.53848,43.7069,-105.53607,10133.02,11.0,85183.4538927739,4624488.0,4660.501308,3970.0,10.769751,40135.0,42.65357142857142,3793.8328290086765,194.685193,176,7,1,1
179,562156,43.69429,-105.51909,43.70696,-105.51591,10048.79,12.0,85183.4538927739,4676020.0,4692.655615,3795.0,14.089433,52758.0,39.0,1004.258944,194.729605,177,7,1,1
180,562199,43.73715,-105.53854,43.70873,-105.53585,10034.6,24.0,85183.4538927739,10401120.0,10380.208548,9502.0,174.592968,102018.0,39.0,887.459807,216.20302862173915,178,7,1,1
181,562202,43.69277,-105.61317,43.70588,-105.60609,10471.5,13.0,85183.4538927739,2011560.0,5130.708823,4261.0,28.371076,95840.0,39.2,743.055556,216.20302862173915,179,9,1,1
182,562203,43.76775,-105.46816,43.75415,-105.4651,9518.71,12.0,85183.4538927739,4959940.0,5021.10926,4222.0,167.319617,141555.0,39.0,369.448862,216.20302862173915,180,7,1,1
183,562206,43.7379,-105.52947,43.70892,-105.52594,9957.17,40.0,85183.4538927739,10360280.0,10601.009906,9565.0,173.05512,96812.0,39.0,1643.902439,216.20302862173915,181,7,1,1
184,562211,43.57885,-105.45559,43.60554,-105.46126,10083.95,47.0,172706.0,8649700.0,9840.415401,9529.0,348.006438,60393.0,53.2,15175.824176,216.20302862173915,182,8,1,1
185,562214,43.722,-105.71355,43.73532,-105.70758,10810.5,13.0,85183.4538927739,1960308.0,5103.633762,4403.0,24.141837,137279.0,36.5,596.02649,187.524662,183,9,1,1
186,562242,43.6932,-105.6029,43.70578,-105.59611,10379.0,13.0,85183.4538927739,1982817.0,4922.918311,3972.0,28.357761,62646.0,39.8,792.982456,200.627977,184,9,1,1
187,562252,43.70817,-105.6967,43.69382,-105.70366,10890.0,13.0,85183.4538927739,2009898.0,5543.280387,4464.0,205.874193,98616.0,39.9,461.92053,223.834527,185,9,1,1
188,562261,43.66362,-105.55937,43.6507,-105.56187,10301.7,13.0,30818.0,1972873.0,4754.048349,3977.0,190.951305,52527.0,41.3,1078.313253,207.964823,186,9,1,1
189,562268,43.67755,-105.5692,43.68904,-105.56717,10202.45,13.0,30439.0,1966059.0,4221.046673,2902.0,10.019358,34789.0,39.0,718.309859,219.58014,187,9,1,1
190,562270,43.69426,-105.64319,43.70604,-105.64223,10531.3,13.0,30904.0,1993271.0,4299.984021,3436.0,4.65897,101290.0,38.7,830.472103,216.20302862173915,188,9,1,1
191,562271,43.7374,-105.65432,43.75004,-105.64695,10315.35,13.0,85183.4538927739,1945417.0,5000.504661,4088.0,30.245162,83228.0,38.0,354.098361,216.20302862173915,189,9,1,1
192,562272,43.70745,-105.65379,43.72043,-105.64702,10429.34,13.0,85183.4538927739,1977232.0,5056.927828,4297.0,27.545268,101545.0,39.0,561.076605,216.20302862173915,190,9,1,1
193,562276,43.73749,-105.64372,43.74998,-105.63679,10395.5,13.0,31056.0,1989540.0,4905.646099,4015.0,29.023435,85643.0,39.5,648.183556,216.20302862173915,191,9,1,1
194,562303,43.63426,-105.7813,43.6472,-105.7821,11604.0,14.0,55092.0,3935874.0,4719.953719,3974.0,356.46226,206862.0,42.9,1390.883547,109.915079,192,19,1,0
195,562307,43.6791,-105.79856,43.691,-105.7974,11564.87,28.0,66902.0,4004280.0,4347.116644,3906.0,5.567545,59428.0,42.65357142857142,769.308943,216.20302862173915,193,19,1,0
196,562315,43.64768,-105.58299,43.64726,-105.60226,10582.49,13.0,85183.4538927739,1980624.0,5101.095323,4073.0,268.751405,99616.0,43.2,1434.547908,234.802881,194,9,1,1
197,562327,43.63425,-105.75955,43.64717,-105.7584,11489.09,14.0,59266.0,4007065.0,4717.728305,3921.0,5.086452,89381.0,41.9,1025.210084,226.968198,195,19,1,0
198,562329,43.57743,-105.55485,43.59028,-105.55629,10519.07,21.0,45523.0,3401761.0,4697.75831,3634.0,353.605982,122670.0,48.7,4478.905359,216.20302862173915,196,5,1,1
199,562342,43.73585,-105.72517,43.74974,-105.71623,10653.7,13.0,85183.4538927739,2023024.0,5585.346727,4365.0,32.766488,121674.0,39.8,450.60241,222.949012,197,9,1,1
200,562346,43.60724,-105.51835,43.61926,-105.51475,10226.44,17.0,40594.0,3388467.0,4482.323495,3281.0,16.673002,83521.0,43.7,2148.054146,216.20302862173915,198,5,1,1
201,562347,43.60473,-105.56574,43.59246,-105.56806,10611.76,32.0,44858.0,3383363.0,4512.939014,3440.0,190.707031,141222.0,46.8,2173.913043,216.20302862173915,199,5,1,1
202,562352,43.61801,-105.75274,43.60637,-105.74814,11575.69,19.0,92271.0,3803100.0,4412.846716,4261.0,158.436613,97124.64019851117,45.8,2039.270687,216.20302862173915,200,2,1,0
203,562362,43.70797,-105.7043,43.7206,-105.69539,10725.9,13.0,85183.4538927739,1326402.0,5169.785962,4092.0,35.20156,133129.0,39.8,560.39604,222.496274,201,9,1,1
204,562364,43.60595,-105.50083,43.5932,-105.50109,10308.8,22.0,126361.0,13203900.0,4646.312169,4315.0,181.168223,64470.0,47.2,4205.714286,216.20302862173915,202,8,1,1
205,562367,43.70717,-105.72476,43.72045,-105.71779,10855.9,17.0,89256.0,6381520.0,5177.929597,4180.0,27.692708,97124.64019851117,40.1,391.566265,216.20302862173915,203,9,1,1
206,562369,43.69363,-105.65623,43.67953,-105.66299,10715.97,13.0,85183.4538927739,2021161.0,5439.937481,4323.0,205.614579,112738.0,40.6,709.935897,231.08457,204,9,1,1
207,562372,43.66627,-105.48555,43.6777,-105.48836,9850.12,15.0,39714.0,3062500.0,4230.665338,3797.0,346.188074,15608.0,51.2,13933.110368,216.20302862173915,205,7,1,1
208,562374,43.69287,-105.68422,43.70608,-105.67634,10641.4,13.0,85183.4538927739,1986973.0,5245.044133,4353.0,30.816828,109566.0,38.9,523.076923,193.904358,206,9,1,1
209,562376,43.67762,-105.70654,43.66456,-105.71524,11135.79,8.0,23916.0,1244500.0,5286.062558,4489.0,213.669815,58245.0,41.7,668.316832,228.313394,207,9,1,1
210,562377,43.75109,-105.61608,43.73792,-105.62301,10403.58,13.0,85183.4538927739,1984336.0,5136.344287,4398.0,207.753161,57427.0,38.3,622.807018,217.54225,208,9,1,1
211,562378,43.70771,-105.67336,43.72083,-105.6674,10515.31,13.0,85183.4538927739,1954640.0,5033.631517,4142.0,24.430792,135590.0,40.3,561.243144,200.120154,209,9,1,1
212,562430,43.63499,-105.45163,43.62299,-105.45089,9765.21,14.0,56347.0,3971217.0,4376.909905,3804.0,176.471229,37579.0,42.65357142857142,24365.079365,223.98818,210,19,1,1
213,562448,43.82549,-105.37469,43.83839,-105.37393,8659.52,21.0,75751.0,6285700.0,4704.881231,4023.0,3.371668,124850.0,37.0,1319.444444,181.336768,211,15,1,1
214,562449,43.6422,-105.64673,43.65748,-105.6491,11012.27,17.0,40823.0,3391307.0,5603.000122,3640.0,351.183408,81307.0,41.9,696.551724,193.288548,212,5,1,1
215,562453,43.73566,-105.7171,43.72298,-105.7229,10799.08,13.0,64433.0,4055340.0,4868.046976,3870.0,204.579984,136292.0,38.0,546.348315,220.32457,213,9,1,1
216,562460,43.6332,-105.80436,43.64725,-105.80277,11747.05,20.0,84696.0,6040010.0,5136.951642,3976.0,6.456537,165430.0,42.65357142857142,1315.789474,216.20302862173915,214,19,1,0
217,562463,43.62969,-105.62393,43.63242,-105.60644,10697.05,17.0,42784.0,3389029.0,4734.763503,3675.0,81.128335,178325.0,43.3,1333.685322,234.832683,215,5,1,1
218,562471,43.61983,-105.77457,43.63275,-105.77325,11614.59,26.0,116291.0,6028681.0,4720.846837,3836.0,5.833508,97124.64019851117,42.65357142857142,2121.666667,216.20302862173915,216,19,1,0
219,562482,43.63325,-105.80432,43.62069,-105.80307,11846.43,20.0,82911.0,6031800.0,4588.681333,3806.0,174.316508,85864.0,42.65357142857142,1563.459984,216.20302862173915,217,19,1,0
220,562494,43.82549,-105.39102,43.85282,-105.38747,8686.78,31.0,107117.0,9854731.0,10002.670986,8989.0,7.400933,82703.0,36.2,664.69428,185.945215,218,20,1,1
221,562501,43.63617,-105.82494,43.64728,-105.8235,11790.42,14.0,56813.0,3939907.0,4066.288013,3367.0,7.385104,418332.0,42.65357142857142,1776.442308,216.20302862173915,219,19,1,0
222,562525,43.63505,-105.60538,43.64775,-105.60822,10627.0,17.0,43614.0,3439834.0,4688.288121,3647.0,347.394785,156612.0,43.4,483.870968,216.20302862173915,220,5,1,1
223,562553,43.72443,-105.35609,43.75089,-105.35468,8795.0,32.0,84102.0,5873085.0,9648.736398,8943.0,3.050291,96624.0,38.2,788.643533,216.20302862173915,221,20,1,1
224,562567,43.54689,-105.9459,43.53317,-105.93971,12615.18,17.0,74413.0,3215263.0,5261.833854,4353.0,155.716714,17235.0,38.2,1448.453608,236.006234,222,2,1,0
225,562568,43.54523,-106.00378,43.53278,-105.99927,12354.83,15.0,85183.4538927739,2782117.0,4691.599734,3791.0,160.087132,127460.0,42.4,847.001224,244.595512,223,2,1,0
226,562575,43.629,-105.62507,43.62866,-105.65272,10938.0,27.0,70114.0,5393727.0,7319.47248,6200.0,269.295494,284381.0,44.0,1255.717256,216.20302862173915,224,5,1,1
227,562623,43.61922,-105.56588,43.60701,-105.56824,10541.0,25.0,86082.0,4616540.0,4492.732351,4325.0,190.939471,306018.0,42.65357142857142,1327.827192,254.415889,225,8,1,1
228,562654,43.69301,-105.5082,43.67059,-105.5061,10046.25,20.0,85183.4538927739,8350740.0,8188.298876,7646.0,174.648925,92813.0,39.0,3271.84466,216.20302862173915,226,7,1,1
229,562667,43.56257,-105.74092,43.5747,-105.7434,11492.26,20.0,79562.0,4067498.0,4468.543935,3800.0,348.445021,97124.64019851117,42.65357142857142,2254.310345,216.20302862173915,227,19,1,0
230,562688,43.62907,-105.58504,43.62885,-105.60256,10626.97,21.0,41775.0,3402040.0,4637.869702,3610.0,269.28057,229078.0,43.5,1340.300457,216.20302862173915,228,5,1,1
231,562690,43.75182,-105.40931,43.72482,-105.40487,9167.0,73.0,82358.0,4926671.0,9908.023945,9014.0,170.661605,154462.0,38.6,1150.470219,175.144466,229,20,1,1
232,562694,43.63269,-105.5853,43.63282,-105.56577,10460.0,17.0,37939.0,3373459.0,5169.064682,3966.0,89.618621,113982.0,43.4,1097.526502,216.20302862173915,230,5,1,1
233,562783,43.61872,-105.62861,43.59963,-105.62657,10961.57,36.0,180356.0,11715900.0,6976.979524,6488.0,173.900393,324900.0,52.4,1526.740666,216.20302862173915,231,8,1,1
234,562791,43.60568,-105.60901,43.6182,-105.6065,10771.0,32.0,40820.0,3392501.0,4610.194222,3641.0,11.336332,283828.0,44.6,2051.269288,206.906722,232,5,1,1
235,562836,43.73711,-105.82872,43.75,-105.83264,11422.67,14.0,49133.0,3921797.0,4809.904943,4102.0,343.084869,97124.64019851117,42.65357142857142,3793.8328290086765,216.20302862173915,233,19,1,0
236,562852,43.61859,-105.63919,43.59904,-105.63559,11098.67,34.0,123443.0,9050400.0,7187.14864,6946.0,169.566254,154821.0,47.2,1318.181818,273.04747,234,8,1,1
237,562853,43.61867,-105.63935,43.60022,-105.64254,11125.0,31.0,113882.0,8465290.0,6775.693338,6237.0,189.809443,134783.0,47.2,1297.658863,255.280388,235,8,1,1
238,562855,43.61874,-105.63951,43.60018,-105.63959,11097.44,32.0,106871.0,7702960.0,6762.960772,6495.0,180.246963,86370.0,47.2,1207.021792,264.720642,236,8,1,1
239,562878,43.61784,-105.58257,43.60691,-105.58146,10596.3,19.0,92471.0,6494770.0,3993.500995,3524.0,174.201188,155171.0,47.2,1230.47619,216.20302862173915,237,8,1,1
240,562887,43.82438,-105.34276,43.81176,-105.34373,8631.36,21.0,85183.4538927739,6303440.0,4605.676319,4117.0,184.395234,141792.0,35.5,817.567568,216.20302862173915,238,15,1,1
241,562909,43.61923,-105.5655,43.60746,-105.55377,10482.0,25.0,185054.0,8474586.0,5295.028863,4415.0,135.097525,171486.0,47.8,2511.182109,216.20302862173915,239,8,1,1
242,562943,43.63606,-105.54578,43.64861,-105.54588,10276.0,20.0,76769.0,6177030.0,4573.054668,3876.0,359.54347,132496.0,46.4,1458.095238,214.837539,240,8,1,1
243,562952,43.6657,-105.80786,43.64985,-105.80755,11795.43,20.0,76246.0,4011441.0,5776.196127,3861.0,178.879531,97124.64019851117,58.4,1040.021064,216.20302862173915,241,19,1,0
244,563020,43.59125,-105.80976,43.603557,-105.80838,11938.41,27.0,124523.0,6071230.0,4499.393009,3976.0,6.397925,97124.64019851117,42.4,1636.871508,216.20302862173915,242,19,1,0
245,563112,43.57598,-105.56602,43.56325,-105.56915,10695.5,15.0,74697.0,3849370.0,4712.059631,3786.0,193.813634,97124.64019851117,48.0,2898.876404,216.20302862173915,243,9,1,1
246,563118,43.67871,-105.68964,43.69112,-105.68745,10869.7,17.0,81520.0,6826296.0,4558.993291,3624.0,10.00798,139704.0,39.2,380.301941,216.20302862173915,244,5,1,1
247,563177,43.57701,-105.60182,43.5633,-105.59955,10941.0,17.0,90257.0,6322090.0,5031.69247,4131.0,170.598681,101199.0,46.7,3768.269231,216.20302862173915,245,8,1,1
248,563201,43.61936,-105.77691,43.59184,-105.77409,11781.0,36.0,186136.0,10961640.0,10055.698907,9113.0,174.149269,97124.64019851117,47.0,3464.982778,216.20302862173915,246,9,1,0
249,563235,43.58982,-105.77728,43.61778,-105.7836,11586.82,38.0,201629.0,11651760.0,10324.798802,9551.0,347.263066,97124.64019851117,48.0,3332.389046,216.20302862173915,247,9,1,0
250,563236,43.590299,-105.767707,43.61801,-105.76825,11522.0,36.0,163729.0,10949310.0,10098.546713,9128.0,358.877427,97124.64019851117,48.0,2948.598131,216.20302862173915,248,9,1,0
251,563239,43.62004,-105.65969,43.63269,-105.65663,11092.85,17.0,42614.0,3400358.0,4680.073823,4214.0,13.598472,73025.0,44.8,1667.804323,216.20302862173915,249,5,1,1
252,563336,43.53222,-105.98989,43.54515,-105.98972,12496.31,19.0,90309.0,3892920.0,4711.830927,4206.0,0.753265,97124.64019851117,39.1,924.279835,211.304198,250,2,1,0
253,563337,43.53223,-105.99001,43.5451,-105.99574,12508.14,19.0,124274.0,3820260.0,4929.60674,4185.0,336.000346,97124.64019851117,39.1,721.606648,241.195857,251,2,1,0
254,563452,43.72425,-105.41633,43.69573,-105.41753,9366.67,32.0,153290.0,10977414.0,10396.997536,9123.0,182.409341,159650.0,40.6,1444.86692,216.20302862173915,252,20,1,1
255,563470,43.57809,-105.58853,43.58942,-105.59538,10859.0,16.0,61794.0,4753115.0,4509.527701,3801.0,328.843279,68876.0,47.8,3381.475667,216.20302862173915,253,8,1,1
256,563472,43.5781,-105.58815,43.58951,-105.58865,10841.0,12.0,46331.0,3462340.0,4159.666509,2800.0,357.490835,102078.0,47.8,3054.778555,216.20302862173915,254,8,1,1
257,563494,43.57728,-105.60182,43.58935,-105.60196,10821.4,16.0,64049.0,4910620.0,4398.209009,4148.0,359.335456,122096.0,46.7,2470.29703,216.20302862173915,255,8,1,1
258,563525,43.61741,-105.75995,43.60629,-105.76332,11634.45,19.0,90309.0,3892920.0,4149.05528,4206.0,196.859829,97124.64019851117,39.1,924.279835,216.20302862173915,256,2,1,0
259,563526,43.61746,-105.75986,43.60632,-105.75834,11616.44,20.0,97550.0,4847180.0,4079.169889,4250.0,172.230244,97124.64019851117,47.0,3412.044374,256.642396,257,2,1,0
260,563554,43.67928,-105.58811,43.69118,-105.58606,10319.49,20.0,50915.0,3966408.0,4369.932237,4227.0,9.774345,90572.0,41.0,974.481659,216.20302862173915,258,24,1,1
261,563562,43.57592,-105.57987,43.5632,-105.58207,10894.2,16.0,64804.0,4950240.0,4671.384453,3918.0,189.812572,97124.64019851117,48.0,3690.4474,216.20302862173915,259,9,1,1
262,563563,43.57592,-105.57968,43.56324,-105.57584,10826.4,16.0,60083.0,4087310.0,4730.985683,4013.0,163.151635,97124.64019851117,48.0,2322.375398,216.20302862173915,260,9,1,1
263,563585,43.73742,-105.73827,43.70839,-105.74262,10897.0,39.0,198244.0,14277230.0,10640.613376,9302.0,188.522079,97124.64019851117,42.0,445.040214,216.20302862173915,261,9,1,1
264,563684,43.57615,-105.83112,43.60352,-105.82799,12057.6,35.0,182415.0,9681969.0,10007.716052,9037.0,6.523934,97124.64019851117,42.65357142857142,1393.782383,236.408923,262,13,1,0
265,563830,43.87002,-105.36826,43.8553,-105.3688,8502.37,23.0,77427.0,6778120.0,5365.710918,4582.0,182.100941,97124.64019851117,35.0,1902.612061,216.20302862173915,263,15,1,1
266,563831,43.83849,-105.34204,43.853,-105.3414,8382.12,23.0,87283.0,8060760.0,5289.969483,4441.0,2.525537,97124.64019851117,35.0,862.288136,216.20302862173915,264,15,1,1
267,563832,43.83914,-105.34735,43.82626,-105.34803,8513.49,22.0,81419.0,6532127.0,4696.740203,4409.0,183.022127,97124.64019851117,37.0,672.676838,216.20302862173915,265,15,1,1
268,563833,43.83848,-105.34194,43.82631,-105.34181,8469.43,23.0,80934.0,6508540.0,4434.729525,4415.0,179.387989,97124.64019851117,36.0,527.301092,216.20302862173915,266,15,1,1
269,564159,43.66238,-105.60226,43.65052,-105.59576,10619.75,35.0,110608.0,6190860.0,4651.155084,4060.0,151.274584,97124.64019851117,44.0,737.288136,226.802256,267,17,1,1
270,564172,43.6352,-105.6179,43.6478,-105.61538,10724.05,34.0,85183.4538927739,6439660.0,4639.40266,4299.0,11.309932,97124.64019851117,44.0,931.092437,243.881812,268,17,1,1
271,564229,43.73742,-105.73846,43.76431,-105.74284,10778.0,34.0,142436.0,9998520.0,9866.647435,8112.0,350.748577,97124.64019851117,37.0,410.509031,216.20302862173915,269,9,1,1
272,564672,43.60459,-105.56612,43.59195,-105.57179,10628.12,20.0,72880.0,5770386.0,4844.313419,4571.0,204.159857,97124.64019851117,46.0,1962.714392,216.20302862173915,270,5,1,1
273,565007,43.73742,-105.73808,43.76424,-105.73643,10754.0,36.0,153748.0,10725313.0,9782.78158,8714.0,3.520471,97124.64019851117,37.0,460.9375,216.20302862173915,271,9,1,1
274,922804,42.79381,-105.34699,42.78955,-105.34453,11696.0,21.275862068965516,85183.4538927739,4967583.241417605,1686.54016,1243.0,149.995079,12324.0,53.0,33375.0,202.788805,272,6,1,0
275,922885,42.85177,-105.41132,42.8645,-105.41688,11963.0,16.0,85183.4538927739,2502330.0,4871.432325,1938.0,336.406048,18419.0,42.65357142857142,3793.8328290086765,275.711272,273,6,1,0
276,923003,43.26383,-104.91466,43.274,-104.90491,8448.1,10.0,85183.4538927739,483218.0,4524.253152,3985.0,43.792135,4649.0,36.8,741.545894,221.241934,274,21,1,1
277,928137,42.79314,-105.33221,42.7926,-105.33096,11844.0,21.275862068965516,85183.4538927739,4967583.241417605,388.834597,20.0,113.364344,4183.0,52.0,33490.909091,216.20302862173915,275,6,1,0
278,928148,42.7982,-105.34157,42.80403,-105.3442,11600.69,21.275862068965516,85183.4538927739,4967583.241417605,2238.122543,1041.0,335.719154,15616.0,52.0,32692.307692,212.182699,276,6,1,0
279,928165,43.14338,-105.87918,43.15225,-105.88365,11923.43,7.0,85183.4538927739,1288000.0,3444.906808,2702.289999999999,333.254368,21190.0,42.65357142857142,81.909091,184.09619,277,12,1,0
280,928167,42.78336,-105.35912,42.78847,-105.3652,11460.82,21.275862068965516,85183.4538927739,4967583.241417605,2475.432845,2354.0,310.045726,921.0,52.0,47142.857143,216.20302862173915,278,6,1,0
281,928206,43.2774,-104.92505,43.28742,-104.93451,8460.53,21.275862068965516,85183.4538927739,4967583.241417605,4434.994794,3446.0,316.646653,27803.0,40.9,462.151394,181.500081,279,21,1,1
282,928230,42.811,-105.46312,42.82359,-105.46325,11643.2,8.0,85183.4538927739,1918180.0,4586.993323,2201.0,359.408405,74594.0,41.9,1575.498575,222.731854,280,6,1,0
283,928240,43.18418,-105.7198,43.17407,-105.73597,12800.94,12.0,85183.4538927739,1518500.0,5670.995454,4750.0,237.985063,107500.0,44.0,1614.395887,207.371826,281,11,1,0
284,928255,42.83848,-105.44788,42.82701,-105.44791,11682.0,14.0,85183.4538927739,2814840.0,4178.830234,3142.0,180.149858,54460.0,39.9,4451.219512,216.20302862173915,282,6,1,0
285,928261,42.79571,-105.42831,42.8084,-105.42853,11531.0,11.0,85183.4538927739,3002656.0,4623.645985,3558.0,359.006792,59764.0,44.9,3790.076336,234.896004,283,6,1,0
286,928282,42.86638,-105.44329,42.85818,-105.44316,11757.83,8.0,85183.4538927739,2228784.0,2987.693107,2420.0,179.091728,11394.0,45.0,4073.333333,253.662641,284,6,1,0
287,928413,43.48889,-105.45761,43.46622,-105.45292,10329.7,33.0,57530.0,3263056.0,8353.427552,7612.0,168.311467,134849.0,42.65357142857142,5334.951456,237.85809,285,8,1,1
288,928417,43.18687,-105.7238,43.21355,-105.72472,12758.06,28.0,96871.38461538461,3341818.3076923075,9724.198335,8690.0,358.025066,252524.0,40.5,1044.194107,221.229528,286,11,1,0
289,928421,43.12882,-105.79168,43.15415,-105.79079,13025.31,28.0,95355.0,3504520.0,9232.256938,8140.0,2.012328,100607.0,41.4,698.425849,216.20302862173915,287,11,1,0
290,928422,43.1288,-105.7632,43.15529,-105.76467,13119.0,28.0,88584.0,3916810.0,9659.791718,8704.0,356.823764,140047.0,41.4,1374.592834,202.993597,288,11,1,0
291,928425,42.76962,-105.06776,42.7803,-105.06075,10467.73,20.0,85183.4538927739,3070812.4,4321.900119,3319.0,33.279575,18333.0,42.65357142857142,5345.454545,223.58007,289,12,1,0
292,928434,43.46479,-105.52118,43.47296,-105.51223,10668.53,9.0,85183.4538927739,1659008.0,3808.303705,2974.0,47.608635,86303.0,51.2,5142.857143,218.304003,290,9,1,0
293,928502,43.38983,-105.51344,43.379,-105.51327,11008.63,14.0,64853.0,3517980.0,3946.313009,3376.0,179.100694,136146.0,44.9,2505.988024,247.611115,291,7,1,0
294,928528,43.17113,-105.76097,43.15856,-105.76137,12974.4,19.0,85183.4538927739,2129500.0,4581.230761,3694.0,181.82264,106955.0,42.65357142857142,982.596084,216.20302862173915,292,26,1,0
295,928535,43.18613,-105.78428,43.21233,-105.7847,12916.5,30.0,103087.0,4173300.0,9546.938472,8724.0,359.081597,92187.0,42.0,1590.410959,265.384458,293,11,1,0
296,928537,43.12874,-105.7442,43.15356,-105.74579,12939.09,28.0,85183.4538927739,3762660.0,9053.272069,7922.0,356.33457,235849.0,40.7,850.640742,216.20302862173915,294,11,1,0
297,928545,43.17115,-105.76108,43.18377,-105.76146,13020.09,19.0,85183.4538927739,2129500.0,4599.332819,3630.0,358.275292,88213.0,42.65357142857142,670.254403,216.20302862173915,295,26,1,0
298,928560,43.18451,-105.7703,43.15875,-105.7753,12939.88,30.0,90252.0,3415920.0,9480.146787,8705.0,190.984489,62434.0,42.0,1393.775372,263.694818,296,11,1,0
299,928639,43.43426,-105.45804,43.44832,-105.45863,10394.0,25.0,77222.0,4613360.0,5125.37097,4193.0,357.597106,226514.0,42.65357142857142,1859.323882,216.20302862173915,297,8,1,0
300,928669,43.18662,-105.71339,43.21082,-105.71521,12639.95,27.0,78364.0,2902150.0,8830.818477,7707.0,355.699075,154888.0,40.5,963.425513,216.20302862173915,298,11,1,0
301,928677,43.43646,-105.44573,43.44844,-105.44749,10375.0,24.0,47697.0,2399420.0,4390.032339,4212.0,351.642375,157698.0,42.65357142857142,2119.581465,216.20302862173915,299,8,1,1
302,928678,43.43647,-105.44582,43.42233,-105.4428,10444.0,23.0,49069.0,4450608.0,5214.151666,3969.0,167.94399,157066.0,42.65357142857142,1791.245791,216.20302862173915,300,8,1,1
303,928682,43.18494,-105.75141,43.15854,-105.75325,12759.87,21.275862068965516,85183.4538927739,3579800.0,9631.577435,9347.0,183.986895,176927.0,43.0,1818.181818,217.16449,301,18,1,0
304,928682,43.18494,-105.75141,43.15854,-105.75325,12759.87,21.275862068965516,85183.4538927739,3579800.0,9631.577435,9347.0,183.986895,176927.0,43.0,1818.181818,217.16449,301,18,1,0
305,928686,43.48897,-105.43859,43.47679,-105.4361,10129.79,11.0,51644.0,3183058.0,4486.89691,3870.0,168.446026,64447.0,42.65357142857142,4166.666667,216.20302862173915,302,8,1,1
306,928788,43.19279,-105.89263,43.19276,-105.93364,12212.79,22.0,69373.0,2629570.0,10933.101381,9015.0,269.958086,11679.0,40.0,500.0,266.084225,303,11,1,0
307,928794,43.17009,-105.73405,43.14396,-105.73464,12953.41,30.0,85183.4538927739,4513416.0,9521.948522,9148.0,181.293485,135665.0,41.8,1180.811808,217.948262,304,18,1,0
308,928794,43.17009,-105.73405,43.14396,-105.73464,12953.41,30.0,85183.4538927739,4513416.0,9521.948522,9148.0,181.293485,135665.0,41.8,1180.811808,217.948262,304,18,1,0
309,928810,42.91821,-105.04057,42.9276,-105.04535,10291.0,5.0,17336.0,795500.0,3652.586474,1166.0,333.021531,23933.0,45.0,1445.91029,252.236125,305,0,1,0
310,928824,43.29037,-105.83713,43.28989,-105.80001,13122.38,30.0,98230.0,4367300.0,9881.708393,9016.0,90.740852,9464.0,64.0,12750.0,271.340167,306,26,1,0
311,928853,43.44467,-105.93287,43.41753,-105.93295,12582.84,30.0,172166.0,6774642.0,9889.406855,8763.0,180.168889,94257.0,40.6,2548.165138,267.371708,307,18,1,0
312,928853,43.44467,-105.93287,43.41753,-105.93295,12582.84,30.0,172166.0,6774642.0,9889.406855,8763.0,180.168889,94257.0,40.6,2548.165138,267.371708,307,18,1,0
313,928878,43.44696,-105.98128,43.47202,-105.98156,12299.45,32.0,119477.0,2261122.0,9131.880785,3273.0,359.35985,128371.0,46.9,1309.050773,202.1293,308,18,1,0
314,928878,43.44696,-105.98128,43.47202,-105.98156,12299.45,32.0,119477.0,2261122.0,9131.880785,3273.0,359.35985,128371.0,46.9,1309.050773,202.1293,308,18,1,0
315,928912,43.43485,-105.37343,43.4226,-105.3739,10184.56,15.0,41723.0,3580002.0,4465.184923,3920.0,182.197209,144456.0,48.0,1744.153083,216.20302862173915,309,7,1,1
316,928999,43.44869,-105.5141,43.47357,-105.50376,10598.0,34.0,180326.0,8740370.0,9471.768871,8569.0,22.567519,97124.64019851117,54.0,9793.650794,216.20302862173915,310,8,1,0
317,929057,43.49003,-105.54901,43.46371,-105.5514,10855.0,35.0,163723.0,9520110.0,9611.172142,8722.0,185.188541,97124.64019851117,45.7,6198.324022,216.20302862173915,311,8,1,0
318,929081,43.49004,-105.54837,43.51708,-105.5466,10713.0,36.0,161620.0,9071790.0,9863.795034,9011.0,3.745157,97124.64019851117,45.7,7592.827004,216.20302862173915,312,8,1,0
319,929084,43.49004,-105.54826,43.47164,-105.54378,10779.0,24.0,101720.0,6046340.0,6808.97355,6002.0,166.31598,97124.64019851117,45.7,6535.294118,216.20302862173915,313,8,1,0
320,929095,43.44467,-105.93287,43.47222,-105.9338,12588.42,30.0,122978.0,4456986.0,10041.86437,9149.0,358.066612,86991.0,42.8,2350.202429,267.229959,314,18,1,0
321,929095,43.44467,-105.93287,43.47222,-105.9338,12588.42,30.0,122978.0,4456986.0,10041.86437,9149.0,358.066612,86991.0,42.8,2350.202429,267.229959,314,18,1,0
322,929130,42.91822,-105.0415,42.90333,-105.04041,10377.14,15.0,67917.0,4253400.0,5432.651763,3886.0,175.813217,100383.0,46.9,2776.386618,216.20302862173915,315,0,1,0
323,929135,43.18637,-105.72514,43.21299,-105.73669,12899.0,30.0,95952.0,3404910.0,10176.159806,9395.0,336.544735,253068.0,41.0,1113.570181,275.543336,316,11,1,0
324,929198,43.40734,-105.35612,43.42008,-105.35365,10098.95,11.0,85183.4538927739,4172500.0,4688.094546,3904.0,10.97224,78933.0,54.0,2635.170604,167.831755,317,7,1,1
325,929199,43.4074,-105.35629,43.42041,-105.35859,10101.42,12.0,85183.4538927739,4300420.0,4779.543128,4075.0,349.974435,114687.0,54.0,2622.093023,216.20302862173915,318,7,1,1
326,929226,43.38788,-105.92265,43.41568,-105.92269,12887.79,30.0,120013.0,4435143.0,10129.816129,9032.0,359.91756,19702.0,42.0,7143.426295,205.455012,319,18,1,0
327,929271,43.40633,-105.36885,43.39361,-105.37006,10344.0,14.0,62419.0,3521870.0,4645.801607,3503.0,185.433955,97124.64019851117,42.4,781.853282,216.20302862173915,320,8,1,1
328,929286,43.43,-105.39557,43.44821,-105.39153,10197.97,37.0,227589.0,19676660.0,6721.2054,6367.0,12.508817,166253.0,45.6,1371.352785,216.20302862173915,321,8,1,1
329,929289,43.43,-105.39595,43.44868,-105.39856,10216.45,31.0,149375.0,6905793.0,6841.499202,5355.0,352.046033,176285.0,42.65357142857142,1972.375691,210.299595,322,8,1,1
330,929290,43.43,-105.39538,43.44879,-105.38333,10272.0,44.0,270376.0,23505640.0,7557.037587,7548.0,32.671994,220725.0,47.0,1239.831697,216.20302862173915,323,8,1,1
331,929295,43.12968,-105.75367,43.1554,-105.75615,12990.7,30.0,86218.0,3404070.0,9394.592306,8578.0,354.492395,191827.0,41.6,818.016379,254.485548,324,11,1,0
332,929315,43.44841,-105.50949,43.42173,-105.51538,10807.6,35.0,182648.0,8736320.0,9846.29749,8858.0,192.449199,97124.64019851117,52.7,2010.080645,216.20302862173915,325,8,1,0
333,929317,43.44841,-105.50921,43.42194,-105.50505,10761.5,35.0,187533.0,9039020.0,9707.823388,8851.0,171.068505,97124.64019851117,52.7,3535.589265,216.20302862173915,326,8,1,0
334,929319,43.35909,-105.87343,43.33109,-105.87302,13042.72,37.0,85183.4538927739,4541524.0,10203.096024,8028.0,179.161086,67992.0,42.0,5036.912752,221.721499,327,18,1,0
335,929319,43.35909,-105.87343,43.33109,-105.87302,13042.72,37.0,85183.4538927739,4541524.0,10203.096024,8028.0,179.161086,67992.0,42.0,5036.912752,221.721499,327,18,1,0
336,929319,43.35909,-105.87343,43.33109,-105.87302,13042.72,37.0,85183.4538927739,4541524.0,10203.096024,8028.0,179.161086,67992.0,42.0,5036.912752,221.721499,327,18,1,0
337,929320,43.25716,-105.88214,43.22959,-105.88219,12905.38,29.0,99504.0,4400046.0,10045.676362,8490.0,180.10391,124631.0,46.0,1910.25641,216.20302862173915,328,18,1,0
338,929320,43.25716,-105.88214,43.22959,-105.88219,12905.38,29.0,99504.0,4400046.0,10045.676362,8490.0,180.10391,124631.0,46.0,1910.25641,216.20302862173915,328,18,1,0
339,929340,43.40713,-105.36639,43.42003,-105.36852,10167.6,16.0,85183.4538927739,4739722.0,4734.18952,1474.0,350.624129,96256.0,45.0,4536.33408,216.20302862173915,329,7,1,1
340,929342,43.40714,-105.36582,43.42003,-105.36358,10137.57,10.0,85183.4538927739,4664838.0,4734.15454,3881.0,9.858303,82674.0,45.0,3349.7151,223.926159,330,7,1,1
341,929354,43.40734,-105.37638,43.42004,-105.37882,10286.53,10.0,85183.4538927739,4505884.0,4672.558321,2214.0,349.124513,155482.0,45.0,22720.0,177.518438,331,7,1,1
342,929357,43.40735,-105.37582,43.42004,-105.37382,10267.57,16.0,85183.4538927739,4531396.0,4654.165322,3660.0,8.956396,88277.0,45.0,3317.191029,216.20302862173915,332,7,1,1
343,929368,43.41602,-105.89313,43.38866,-105.89354,12827.51,35.0,112201.0,7000560.0,9970.035814,9288.0,180.858535,36528.0,41.0,2006.578947,221.526175,333,18,1,0
344,929368,43.41602,-105.89313,43.38866,-105.89354,12827.51,35.0,112201.0,7000560.0,9970.035814,9288.0,180.858535,36528.0,41.0,2006.578947,221.526175,333,18,1,0
345,929371,43.44462,-105.91334,43.41745,-105.91314,12682.14,30.0,109787.0,5913580.0,9900.428928,9153.0,179.57825,114557.0,42.0,1778.395552,245.11143,334,18,1,0
346,929417,43.18481,-105.81073,43.1581,-105.8152,12685.89,30.0,86453.0,3332480.0,9804.832612,8865.0,189.500582,208094.0,43.8,1720.101781,264.690259,335,11,1,0
347,929428,43.38733,-105.95459,43.35963,-105.95357,12620.45,35.0,162693.0,12145929.0,10097.011747,9619.0,177.891144,97124.64019851117,41.2,1571.428571,216.20302862173915,336,18,1,0
348,929446,42.90198,-105.05023,42.91303,-105.05201,10435.32,12.0,62802.0,3421320.0,4053.919313,3238.0,350.849065,137721.0,46.0,2818.941504,216.20302862173915,337,0,1,0
349,929448,42.86854,-105.05597,42.85532,-105.05317,10465.56,23.0,111657.0,9227963.0,4874.452397,4561.0,168.041464,97124.64019851117,48.9,5844.049248,248.437801,338,6,1,0
350,929460,43.43471,-105.49844,43.44841,-105.49143,10677.0,26.0,146332.0,8334480.0,5327.485235,4520.0,27.097865,200624.0,52.4,4162.650602,216.20302862173915,339,8,1,0
351,929461,43.43442,-105.49899,43.40806,-105.49115,10750.0,40.0,208670.0,17005735.0,9827.772749,9300.0,163.436452,144015.0,49.5,4378.038558,216.20302862173915,340,8,1,0
352,929462,43.43441,-105.49918,43.40751,-105.49888,10837.0,38.0,200534.0,15977256.0,9801.747449,8787.0,179.36104,184108.0,49.7,3901.462664,216.20302862173915,341,8,1,0
353,929488,43.474,-105.48859,43.45157,-105.48754,10538.4,29.0,155356.0,7507890.0,8177.513617,7327.0,177.319809,97124.64019851117,54.0,6260.869565,216.20302862173915,342,8,1,0
354,929502,43.35899,-106.00045,43.38697,-106.00035,12479.99,30.0,111756.0,6094620.0,10195.506113,9926.0,0.204773,35105.0,41.1,982.142857,261.351231,343,18,1,0
355,929503,43.44608,-105.99296,43.41759,-105.9918,12329.65,30.0,107386.0,6008840.0,10385.968949,9433.0,177.668431,61565.0,40.0,1117.54386,260.973887,344,18,1,0
356,929503,43.44608,-105.99296,43.41759,-105.9918,12329.65,30.0,107386.0,6008840.0,10385.968949,9433.0,177.668431,61565.0,40.0,1117.54386,260.973887,344,18,1,0
357,929560,43.35886,-105.96058,43.33085,-105.95955,12413.99,36.0,130000.0,8535472.0,10209.963058,9199.0,177.894035,271983.0,43.0,1472.078296,216.20302862173915,345,18,1,0
358,929594,43.21451,-105.81178,43.18676,-105.81466,12894.9,30.0,94318.0,3495660.0,10140.184652,9109.0,185.92516,139633.0,42.65357142857142,1470.588235,267.637782,346,11,1,0
359,929620,43.39284,-105.48329,43.40416,-105.49131,10813.13,26.0,149845.0,13362980.0,4642.475874,4372.0,324.68317,278589.0,44.7,3868.787276,216.20302862173915,347,8,1,0
360,929634,43.15697,-105.83101,43.12873,-105.82822,12657.56,30.0,85731.0,3514765.0,10316.432207,8398.0,174.357714,202395.0,42.0,2098.600933,234.867142,348,11,1,0
361,929667,43.47407,-105.49688,43.45202,-105.49545,10547.2,29.0,151833.0,7278510.0,8043.268849,7249.0,176.289416,97124.64019851117,54.0,6577.605322,216.20302862173915,349,8,1,0
362,929683,43.44543,-106.00096,43.41761,-106.00083,12371.77,30.0,110634.0,6038420.0,10137.332158,9203.0,179.732265,123696.0,40.1,1281.798246,191.332647,350,18,1,0
363,929683,43.44543,-106.00096,43.41761,-106.00083,12371.77,30.0,110634.0,6038420.0,10137.332158,9203.0,179.732265,123696.0,40.1,1281.798246,191.332647,350,18,1,0
364,929691,43.3042,-105.95573,43.30334,-105.91825,12518.63,30.0,107137.0,6010460.0,9978.840537,9219.0,91.314454,97224.0,39.5,1536.564626,218.31363,351,18,1,0
365,929691,43.3042,-105.95573,43.30334,-105.91825,12518.63,30.0,107137.0,6010460.0,9978.840537,9219.0,91.314454,97224.0,39.5,1536.564626,218.31363,351,18,1,0
366,929742,43.14448,-105.86475,43.17043,-105.86306,12198.38,30.0,60825.0,3086460.0,9465.964084,8649.0,3.726139,92304.0,43.0,1939.82808,209.919961,352,11,1,0
367,929808,43.33205,-105.46611,43.34709,-105.46296,11140.4,7.0,22967.0,1488085.0,5543.620867,1640.0,11.829127,135333.0,42.1,353.947368,216.20302862173915,353,7,1,0
368,929836,43.24388,-105.86242,43.21529,-105.86172,13011.56,35.0,112972.0,7119991.0,10418.939281,9773.0,178.597445,32091.0,40.0,1683.453237,219.834171,354,18,1,0
369,929943,43.35884,-105.96096,43.33059,-105.96636,12413.99,36.0,182000.0,11671025.0,10393.431965,9640.0,190.821573,188604.0,43.0,1583.873957,216.20302862173915,355,18,1,0
370,929944,43.32367,-105.95539,43.32685,-105.91838,12744.14,30.0,114444.0,6979764.0,9913.326947,9479.0,85.089052,104030.0,39.6,1190.352021,265.396823,356,18,1,0
371,929944,43.32367,-105.95539,43.32685,-105.91838,12744.14,30.0,114444.0,6979764.0,9913.326947,9479.0,85.089052,104030.0,39.6,1190.352021,265.396823,356,18,1,0
372,929955,43.40623,-105.33728,43.39385,-105.33866,10190.01,16.0,58831.0,3978260.0,4525.650836,3872.0,186.360509,50263.0,43.6,1076.846591,216.20302862173915,357,7,1,1
373,929956,43.40615,-105.33672,43.39381,-105.33367,10170.55,16.0,77411.0,5839940.0,4568.635011,3872.0,166.116807,41217.0,40.9,1045.471015,216.20302862173915,358,7,1,1
374,929972,43.40572,-105.32338,43.39333,-105.33254,10095.73,10.0,85183.4538927739,6524881.0,5128.590027,3778.0,216.475735,82057.0,43.0,1147.286822,216.20302862173915,359,7,1,1
375,929993,43.39323,-105.41929,43.40517,-105.41873,10639.52,18.0,110276.0,12130274.0,4353.021362,3738.0,2.685271,125213.0,47.5,3192.481203,216.20302862173915,360,8,1,1
376,930014,43.43426,-105.45813,43.42226,-105.45333,10470.0,25.0,78008.0,4641020.0,4554.38437,4241.0,158.198591,223324.0,42.65357142857142,3793.8328290086765,216.20302862173915,361,8,1,0
377,930059,43.20332,-104.94469,43.19027,-104.94523,8715.72,16.0,67493.0,4000519.0,4756.862702,3872.0,182.369508,33170.0,37.1,979.236402,216.20302862173915,362,7,1,1
378,930071,43.39326,-105.41892,43.40509,-105.41092,10597.8,25.0,144163.0,15526376.0,4805.94064,5165.0,34.068399,140305.0,47.5,1442.404007,203.678241,363,8,1,1
379,930073,43.39325,-105.41911,43.40513,-105.41572,10699.32,24.0,124509.0,7776840.0,4421.323715,4048.0,15.926285,82014.0,50.5,2889.635317,216.20302862173915,364,8,1,1
380,930100,43.07049,-105.8017,43.04793,-105.80096,13407.02,42.0,185322.0,7704490.0,8222.199879,7286.0,178.121291,97124.64019851117,40.0,1450.0,201.81083,365,26,1,0
381,930103,43.30006,-105.99411,43.32048,-105.9931,11854.67,24.0,83017.0,5298765.0,7445.489548,7116.0,2.831617,32922.0,40.0,1222.222222,235.707566,366,18,1,0
382,930138,42.93406,-105.38323,42.95336,-105.38931,12132.87,36.0,85183.4538927739,14427752.0,7217.468317,7215.0,342.514222,365702.0,46.4,1639.634801,237.74758,367,6,1,0
383,930200,43.33219,-105.46478,43.34747,-105.46802,11160.45,18.0,85482.0,4524720.0,5633.689884,4368.0,348.028217,143654.0,41.9,845.0,216.20302862173915,368,7,1,0
384,930233,43.3326,-105.46489,43.31944,-105.46796,11233.94,15.0,77040.0,5475000.0,4863.9965,3624.0,193.13127,133013.0,41.9,931.8,216.20302862173915,369,7,1,0
385,930289,43.2274,-105.509,43.24099,-105.50877,11623.18,16.0,72788.0,4028620.0,4951.944315,3872.0,0.969593,43609.0,39.0,1101.870079,216.20302862173915,370,7,1,0
386,930292,43.3326,-105.46479,43.31948,-105.4631,11218.53,16.0,75584.0,5847487.0,4801.46967,3737.0,172.660092,157453.0,41.4,752.260495,216.20302862173915,371,7,1,0
387,930295,43.30027,-105.93464,43.27297,-105.93346,12469.74,36.0,101446.0,7145997.0,9952.3961,9461.0,177.52502,187950.0,40.0,1216.86747,216.20302862173915,372,18,1,0
388,930295,43.30027,-105.93464,43.27297,-105.93346,12469.74,36.0,101446.0,7145997.0,9952.3961,9461.0,177.52502,187950.0,40.0,1216.86747,216.20302862173915,372,18,1,0
389,930310,43.24388,-105.86279,43.27119,-105.86199,13181.53,24.0,83017.0,5298765.0,9953.208496,9508.0,1.677903,23228.0,40.0,2566.666667,216.20302862173915,373,18,1,0
390,930323,43.00109,-105.15317,43.01442,-105.1549,10646.39,16.0,77925.0,4541880.0,4878.527242,4426.0,352.605346,124851.0,46.4,9781.587827,216.20302862173915,374,0,1,0
391,930347,43.0124,-105.40447,43.04146,-105.39896,11889.6,32.0,176766.0,7546800.0,10689.598491,9642.0,10.736272,97124.64019851117,40.0,997.078159,216.20302862173915,375,2,1,0
392,930476,43.08534,-105.86354,43.11212,-105.85538,12284.39,31.0,118417.0,10124864.0,9997.824656,9804.0,16.946241,97124.64019851117,42.9,877.034358,216.20302862173915,376,26,1,0
393,930491,43.26269,-105.38198,43.2751,-105.3819,10686.0,16.0,74363.0,6191260.0,4521.664147,3872.0,0.369347,51612.0,38.3,167.964072,220.901884,377,7,1,0
394,930492,43.26228,-105.38198,43.27507,-105.38671,10707.82,17.0,85748.0,6209170.0,4827.238998,4047.0,339.70459,101577.0,42.1,997.955801,216.20302862173915,378,7,1,0
395,930571,43.28854,-105.38471,43.30746,-105.38292,10608.53,16.0,61400.0,5152972.0,6910.023451,5841.0,5.404603,123947.0,39.0,776.649746,216.20302862173915,379,7,1,0
396,930573,43.28895,-105.38471,43.30383,-105.3874,10638.9,15.0,52800.0,4384385.0,5468.652179,5000.0,349.752768,69110.0,39.0,822.676327,216.20302862173915,380,7,1,0
397,930664,42.95929,-105.09111,42.97182,-105.09132,10265.54,14.0,66354.0,4029367.0,4565.388263,3823.0,359.039825,155051.0,50.0,1550.740236,216.20302862173915,381,0,1,0
398,930865,43.10042,-105.38052,43.07594,-105.37859,11522.86,37.0,151581.0,7115110.0,8933.942538,8069.0,175.492133,97124.64019851117,38.4,827.44925,216.20302862173915,382,2,1,0
399,930870,43.43366,-105.40427,43.40792,-105.41171,10405.8,36.0,155876.0,9174250.0,9584.591978,9049.0,196.121636,97124.64019851117,46.1,1925.614035,216.20302862173915,383,8,1,1
400,930871,43.43366,-105.40408,43.40785,-105.40524,10381.3,35.0,174331.0,8920310.0,9409.245541,8847.0,182.573359,97124.64019851117,46.1,476.611884,216.20302862173915,384,8,1,1
401,930877,43.45163,-105.52905,43.47347,-105.52484,10589.1,28.0,150226.0,7182960.0,8035.873857,7073.0,10.910824,97124.64019851117,53.6,3724.789916,216.20302862173915,385,8,1,0
402,930878,43.44869,-105.51464,43.46284,-105.51625,10654.7,16.0,83884.0,4106030.0,5173.486491,3943.0,353.50875,97124.64019851117,54.0,6001.091703,216.20302862173915,386,8,1,0
403,930879,43.43001,-105.39482,43.40813,-105.38291,10308.0,29.0,155965.0,10352050.0,8576.868739,7277.0,151.439101,97124.64019851117,46.1,2448.550725,216.20302862173915,387,8,1,1
404,930881,43.43001,-105.39501,43.40793,-105.39032,10303.0,27.0,134922.0,6896040.0,8140.979994,6912.0,168.008066,97124.64019851117,48.4,3116.519174,216.20302862173915,388,8,1,1
405,930882,43.37848,-105.38512,43.40567,-105.38525,10452.52,41.0,85183.4538927739,18453612.0,9907.019196,8913.0,359.726061,97124.64019851117,40.2,1892.107892,216.20302862173915,389,7,1,1
406,930889,43.378506,-105.384934,43.40521,-105.38293,10363.0,41.0,85183.4538927739,18449014.0,9744.438597,8895.0,4.291714,97124.64019851117,40.2,1118.344075,216.20302862173915,390,7,1,1
407,930895,43.43432,-105.46614,43.40766,-105.47314,10706.0,41.0,164791.0,12029540.0,9890.257097,9538.0,194.711822,215076.0,47.6,3075.836431,216.20302862173915,391,8,1,0
408,930916,43.43432,-105.46595,43.40771,-105.46522,10636.0,32.0,143318.0,10114330.0,9697.670802,8977.0,178.428582,261855.0,47.6,2885.164051,216.20302862173915,392,8,1,0
409,930926,43.43538,-105.37779,43.46256,-105.37838,10088.9,37.0,136573.0,9223260.0,9904.648165,9119.0,358.756468,97124.64019851117,43.4,801.724138,216.20302862173915,393,8,1,1
410,930929,43.43537,-105.37761,43.4633,-105.36503,10031.29,41.0,154550.0,10039280.0,10710.606274,10351.0,24.247361,97124.64019851117,43.4,755.89391,216.20302862173915,394,8,1,1
411,930934,43.43645,-105.44551,43.46275,-105.44294,10420.0,37.0,208980.0,13537730.0,9607.06735,9050.0,5.581145,97124.64019851117,47.3,3521.813031,216.20302862173915,395,8,1,1
412,930940,43.43595,-105.43782,43.41511,-105.43681,10439.37,27.0,97318.0,6960390.0,7598.077027,6682.0,177.22536,97124.64019851117,47.8,1638.211382,216.20302862173915,396,8,1,1
413,930941,43.4359,-105.43745,43.44858,-105.43633,10304.4,15.0,53334.0,3884285.0,4629.70508,3771.0,5.047726,97124.64019851117,47.6,2544.342508,216.20302862173915,397,8,1,1
414,930942,43.43585,-105.43708,43.46316,-105.43008,10235.3,37.0,134064.0,9494640.0,10122.83197,9296.0,14.376347,97124.64019851117,48.5,1900.0,216.20302862173915,398,8,1,1
415,930943,43.43592,-105.43764,43.41501,-105.43071,10428.6,27.0,97736.0,6757595.0,7837.971064,6711.0,161.663752,97124.64019851117,47.8,1660.876758,216.20302862173915,399,8,1,1
416,930978,43.43608,-105.48786,43.40767,-105.48563,10976.0,41.0,217439.0,17771218.0,10368.535129,9464.0,175.511857,140221.0,47.6,3673.913043,215.944557,400,8,1,0
417,931126,43.43607,-105.48767,43.40769,-105.47929,10721.0,46.0,159239.0,11304450.0,10577.465074,9309.0,163.54927,131919.0,47.6,3833.333333,216.20302862173915,401,8,1,0
418,931680,43.38788,-105.96587,43.35956,-105.96683,12616.47,31.0,166967.0,9140466.0,10322.46215,9747.0,181.941486,97124.64019851117,44.5,1448.853616,216.20302862173915,402,18,1,0
419,931751,42.98498,-105.34999,42.99807,-105.35145,11716.91,21.0,103116.0,8201763.0,4785.092362,4612.0,353.635789,97124.64019851117,41.3,1304.134548,216.20302862173915,403,6,1,0
420,932488,42.91413,-105.12672,42.88378,-105.12251,10324.78,34.0,179732.0,13400086.0,11114.615837,10111.0,172.102613,97124.64019851117,47.3,5939.670932,250.19915,404,6,1,0
421,932863,43.27563,-105.95856,43.24789,-105.95938,12380.24,36.0,161984.0,12330729.0,10110.116874,9616.0,181.693182,97124.64019851117,40.6,1179.104478,216.20302862173915,405,18,1,0
422,933159,43.43295,-105.42179,43.40798,-105.41752,10419.4,34.0,123794.0,8866490.0,9168.55122,8498.0,170.295988,97124.64019851117,48.5,1857.823129,216.20302862173915,406,8,1,1
423,933184,43.43296,-105.42198,43.44875,-105.4241,10289.0,18.0,60258.0,4665750.0,5780.781129,4608.0,352.353073,97124.64019851117,48.5,2228.896104,216.20302862173915,407,8,1,1
424,933185,43.43297,-105.42217,43.41506,-105.42464,10438.9,22.0,75930.0,5701860.0,6558.633143,5571.0,187.852231,97124.64019851117,48.5,1647.735994,216.20302862173915,408,8,1,1
425,933658,43.43001,-105.39489,43.40785,-105.39833,10354.0,27.0,134845.0,6865730.0,8125.797507,6808.0,188.823862,97124.64019851117,47.9,2011.522135,216.20302862173915,409,8,1,1
426,933672,43.31792,-105.46439,43.29009,-105.46831,11371.86,42.0,85183.4538927739,18912560.0,10193.560628,9362.0,188.017662,97124.64019851117,42.2,1336.742148,216.20302862173915,410,7,1,0
427,933673,43.31793,-105.4642,43.29119,-105.4633,11372.94,40.0,85183.4538927739,17894782.0,9745.842984,8594.0,178.072298,97124.64019851117,42.2,1148.431523,216.20302862173915,411,7,1,0
428,933675,43.31705,-105.47495,43.290354,-105.478161,11440.78,42.0,85183.4538927739,19078481.0,9764.333106,9190.0,186.858599,97124.64019851117,42.65357142857142,1253.052164,216.20302862173915,412,7,1,0
429,933676,43.31719,-105.47493,43.29111,-105.473123,11435.32,40.0,85183.4538927739,17958652.0,9514.589143,8599.0,176.036493,97124.64019851117,40.2,1130.434783,216.20302862173915,413,7,1,0
430,933782,43.1003,-105.91945,43.08455,-105.91915,11643.47,20.0,85183.4538927739,6512080.0,5739.260093,4517.0,178.908784,97124.64019851117,43.4,932.935917,216.20302862173915,414,26,1,0
431,933872,43.10434,-105.95536,43.1284,-105.96736,11873.66,30.0,85183.4538927739,5176020.0,9333.501807,7733.0,333.49213,97124.64019851117,43.0,593.023256,216.20302862173915,415,26,1,0
432,933883,43.38256,-105.57403,43.40166,-105.56611,12765.0,29.0,108795.0,6976010.0,7270.611325,6952.0,22.521814,121750.0,50.2,7078.431373,216.20302862173915,416,8,1,0
433,933884,43.38256,-105.57422,43.40165,-105.57534,11448.0,26.0,95253.0,6253080.0,6962.105574,6082.0,356.642336,91102.0,50.6,5280.0,216.20302862173915,417,8,1,0
434,934317,42.9325,-105.28195,42.91314,-105.27364,11257.6,19.0,92577.8,7281608.0,7396.018756,7140.0,156.769271,97124.64019851117,44.8,3889.035667,262.9844,418,6,1,0
435,934499,42.86362,-105.16634,42.84042,-105.15794,10968.66,27.0,85183.4538927739,10520734.0,8747.058814,7940.0,160.09625,97124.64019851117,45.4,15044.520548,216.20302862173915,419,6,1,0
436,934500,42.86354,-105.16634,42.84049,-105.14803,10902.06,29.0,85183.4538927739,11466033.0,9726.755901,8478.0,141.537773,97124.64019851117,48.2,19211.895911,216.20302862173915,420,6,1,0
437,935213,43.39051,-105.50686,43.36975,-105.50282,11068.78,30.0,176411.7,13546977.0,7639.993766,6839.0,168.987595,97124.64019851117,40.0,2190.645108,216.20302862173915,421,7,1,0
438,935462,42.93012,-104.96717,42.95795,-104.97137,9444.4,27.0,128933.0,9120280.0,10201.361035,6018.0,351.417898,97124.64019851117,43.0,2432.063264,216.20302862173915,422,4,1,1
439,935600,43.34714,-105.49586,43.31895,-105.49831,11278.14,40.0,154722.6,10849528.0,10291.944793,9271.0,184.96711,97124.64019851117,42.0,1735.559567,216.20302862173915,423,7,1,0
440,935601,43.34724,-105.49573,43.31902,-105.48727,11255.15,40.0,126165.0,8945750.0,10525.545436,9617.0,163.311933,97124.64019851117,42.0,1413.280476,216.20302862173915,424,7,1,0
441,935656,43.34844,-105.51616,43.37644,-105.51292,11158.21,40.0,181974.0,10062780.0,10238.429169,9319.0,6.600585,97124.64019851117,42.0,1844.360902,216.20302862173915,425,7,1,0
442,935873,43.34718,-105.50722,43.36914,-105.50247,11108.85,31.0,124229.3,8135853.0,8100.419096,7148.0,12.205184,97124.64019851117,42.0,2129.391602,216.20302862173915,426,7,1,0
443,936308,43.36117,-105.44694,43.33364,-105.44777,10941.15,40.0,157146.0,10484930.0,10033.232736,9320.0,181.726883,97124.64019851117,42.0,1294.067068,216.20302862173915,427,7,1,0
444,1929723,43.5759,-106.0525,43.5876,-106.0557,12245.12,13.0,40386.0,2907625.0,4346.941259,3756.0,344.703453,98232.0,43.0,1034.42029,218.793493,428,26,1,0
445,1929847,43.5887,-106.09399,43.5766,-106.09106,12504.0,13.0,51262.0,2389607.0,4477.069128,3841.0,166.387914,54160.0,39.7,921.450151,186.061866,429,26,1,0
446,1929849,43.60568,-106.02121,43.61786,-106.02086,12371.0,18.0,85183.4538927739,3028568.0,4439.365615,3192.0,1.645977,62704.0,38.5,1166.950596,226.020086,430,7,1,0
447,1929887,43.58865,-106.09407,43.60231,-106.09108,12499.84,13.0,59390.0,2940853.0,5040.351888,3529.0,12.346592,31023.0,39.4,747.933884,216.20302862173915,431,26,1,0
448,1929924,43.58919,-106.06837,43.60209,-106.07582,12323.0,14.0,67579.0,3223911.0,5098.086241,4029.0,329.992734,813.0,36.0,3793.8328290086765,216.20302862173915,432,26,1,0
449,1929925,43.58911,-106.06836,43.57689,-106.0757,12279.0,14.0,59317.0,3403160.0,4858.972354,3780.0,210.991329,68236.0,35.6,984.513274,216.20302862173915,433,26,1,0
450,1929944,43.69252,-106.12258,43.70264,-106.12567,12041.77,13.0,48248.0,2656987.0,3777.264557,3354.0,343.020684,11462.0,39.0,693.877551,216.20302862173915,434,26,1,0
451,1929950,43.94941,-106.43318,43.96233,-106.44001,12532.0,17.0,55554.0,2209997.0,5040.380105,4287.0,332.137378,5399.0,42.65357142857142,500.0,242.788878,435,3,1,0
452,1929953,43.60633,-106.03896,43.59152,-106.04044,12272.27,12.0,85183.4538927739,6250328.0,5410.990101,4429.0,185.706763,38125.0,39.0,1540.0,182.060314,436,7,1,0
453,1929955,43.63416,-106.04268,43.62119,-106.0403,12167.6,12.0,85183.4538927739,5851240.0,4768.105424,4115.0,169.601882,8029.0,39.0,5200.0,183.040692,437,7,1,0
454,1929956,43.60629,-106.04073,43.61861,-106.04085,12282.68,11.0,85183.4538927739,5137017.0,4489.541977,3935.0,359.441942,26558.0,39.0,650.0,216.20302862173915,438,7,1,0
455,1929985,43.57261,-106.18277,43.56135,-106.18428,6186.4,7.0,3695.0,671740.0,4122.697334,1680.0,187.637968,4584.0,38.8,3793.8328290086765,216.20302862173915,439,16,1,0
456,1929986,43.57433,-106.0538,43.56166,-106.05242,12303.45,15.0,85183.4538927739,2283830.0,4631.400768,3914.0,173.783922,85353.0,41.8,1172.962227,216.20302862173915,440,18,1,0
457,1930015,43.53142,-106.0185,43.50338,-106.02321,12389.44,30.0,105679.0,4412065.0,10293.680579,9524.0,189.535205,135239.0,38.4,1310.452418,250.39735,441,18,1,0
458,1930109,43.53084,-106.05373,43.55703,-106.05329,12658.42,30.0,103558.0,4417986.0,9544.30193,8628.0,0.962496,214067.0,39.2,803.099362,216.20302862173915,442,18,1,0
459,1930109,43.53084,-106.05373,43.55703,-106.05329,12658.42,30.0,103558.0,4417986.0,9544.30193,8628.0,0.962496,214067.0,39.2,803.099362,216.20302862173915,442,18,1,0
460,1930110,43.5321,-106.04322,43.50317,-106.04357,12455.07,30.0,123717.0,6006320.0,10542.383157,9825.0,180.69314,137483.0,38.0,883.116883,211.258555,443,18,1,0
461,2523446,43.40633,-106.27536,43.4065,-106.28123,1334.95,21.275862068965516,85183.4538927739,4967583.241417605,1560.777918,1582.0,271.658869,97124.64019851117,42.65357142857142,3793.8328290086765,216.20302862173915,444,10,1,0
462,2720996,43.27847,-104.89416,43.28846,-104.9004,8221.38,21.275862068965516,85183.4538927739,4967583.241417605,4000.921296,3061.0,328.010085,31202.0,41.2,821.276596,229.066514,445,21,1,1
463,2721002,43.26166,-104.88944,43.273638,-104.890672,8338.0,21.275862068965516,85183.4538927739,4967583.241417605,4376.475604,4180.0,354.12748,15522.0,42.0,1243.478261,230.580672,446,21,1,1
464,2721005,43.26166,-104.86638,43.27388,-104.86962,8128.0,3.0,85183.4538927739,71078.0,4535.140913,2374.0,345.150325,3756.0,41.0,1200.854701,226.262919,447,21,1,1
465,2721008,43.2475,-104.87916,43.259223,-104.883419,8226.0,4.0,85183.4538927739,149800.0,4419.279405,3836.5,340.03377,2864.0,39.7,1026.315789,216.20302862173915,448,21,1,1
466,2726843,43.35074,-104.53716,43.36217,-104.53194,5615.36,6.0,85183.4538927739,1628932.0,4389.793105,3464.0,24.545844,3567.0,42.65357142857142,3793.8328290086765,131.069084,449,21,1,1
467,2726905,43.42339,-104.46058,43.43524,-104.46238,4860.32,14.0,45125.0,2052550.0,4344.125528,3685.0,351.362869,63857.0,42.5,67.702074,216.20302862173915,450,25,1,1
468,2726950,43.43584,-104.45841,43.4496,-104.45725,4821.63,20.0,46158.0,2648000.0,5023.152126,4115.0,4.818774,97588.0,43.2,291.666667,216.20302862173915,451,25,1,1
469,2726957,43.43695,-104.44723,43.42301,-104.44775,4958.01,20.0,41294.0,2625200.0,5081.158444,4414.0,182.136298,10547.0,45.9,556.014148,216.20302862173915,452,25,1,1
470,2726962,43.44943,-104.43915,43.46542,-104.43753,4745.77,36.0,31272.0,2625060.0,5842.113681,5070.0,5.785086,33417.0,43.1,125.0,216.20302862173915,453,25,1,1
471,2726963,43.44932,-104.43913,43.43145,-104.43774,4895.05,40.0,32792.0,2923660.0,6521.713173,5702.0,175.552261,78075.0,45.0,397.381954,216.20302862173915,454,25,1,1
472,2726965,43.42323,-104.45064,43.40836,-104.45151,4905.65,32.0,35228.0,3022013.0,5423.053888,4465.7,183.348391,38357.0,43.2,485.336332,216.20302862173915,455,25,1,1
473,2726968,43.45179,-104.44554,43.43735,-104.44736,4955.9,31.0,25822.0,2261140.0,5283.619252,4371.0,187.183611,69101.0,43.9,87.5,216.20302862173915,456,25,1,1
474,2726971,43.43679,-104.50227,43.45806,-104.50306,4847.05,33.0,225501.0,12984060.0,7752.919514,6863.0,357.872926,97124.64019851117,42.0,495.049505,216.20302862173915,457,23,1,1
475,2726996,43.43554,-104.43162,43.41497,-104.43462,4956.84,63.0,50759.0,4473192.0,7537.266987,6594.1900000000005,188.297713,97124.64019851117,44.8,3793.8328290086765,216.20302862173915,458,25,1,1
476,2726997,43.43564,-104.43165,43.45759,-104.43247,4682.59,48.0,39053.0,3505005.0,8000.861252,6879.0,357.86056,97124.64019851117,44.8,3793.8328290086765,216.20302862173915,459,25,1,1
477,4505404,43.60923,-104.59737,43.60541,-104.59538,5051.0,21.275862068965516,85183.4538927739,4967583.241417605,1488.298044,1471.0,152.483082,10974.0,42.0,3793.8328290086765,216.20302862173915,460,14,2,1
478,4520508,43.66387,-104.53681,43.66589,-104.5468,7575.0,21.275862068965516,85183.4538927739,4967583.241417605,2743.132033,2625.0,281.431205,3564.0,42.7,1000.0,216.20302862173915,461,14,0,1
479,4521482,43.59102,-104.57221,43.58772,-104.56999,5098.0,21.275862068965516,85183.4538927739,462500.0,1338.488366,1618.0,146.070203,3151.0,42.0,181.818182,216.20302862173915,462,14,2,1
480,4521590,43.59115,-104.56381,43.595124,-104.565525,4963.4,21.275862068965516,85183.4538927739,4967583.241417605,1517.583691,1520.0,336.65714,6523.0,42.65357142857142,3793.8328290086765,216.20302862173915,463,14,2,1
481,4521713,43.58387,-104.59235,43.58776,-104.59467,5112.0,21.275862068965516,85183.4538927739,4967583.241417605,1544.878211,1685.0,329.188106,10885.0,42.65357142857142,3793.8328290086765,216.20302862173915,464,14,2,1
482,4521822,43.576118,-104.533383,43.58034,-104.53282,4843.76,21.275862068965516,85183.4538927739,4967583.241417605,1545.600451,1493.0,7.595532,1363.0,42.65357142857142,3793.8328290086765,216.20302862173915,465,21,2,1
483,4521890,43.59828,-104.5925,43.59108,-104.59247,4970.7,21.275862068965516,85183.4538927739,4967583.241417605,2623.503663,2596.0,179.761269,11260.0,42.65357142857142,3793.8328290086765,216.20302862173915,466,14,2,1
484,4521891,43.59463,-104.59791,43.60209,-104.59699,5190.0,21.275862068965516,85183.4538927739,4967583.241417605,2729.125435,2615.0,7.030469,12636.0,42.65357142857142,3793.8328290086765,216.20302862173915,467,14,2,1
485,4521924,43.65661,-104.60705,43.664076,-104.61513,4995.0,21.275862068965516,85183.4538927739,4967583.241417605,3459.702663,3179.0,312.738239,9834.0,42.65357142857142,3793.8328290086765,216.20302862173915,468,14,2,1
486,4521945,43.63908,-104.61872,43.63474,-104.61258,5103.0,21.275862068965516,85183.4538927739,4967583.241417605,2267.391148,2286.0,125.254213,3789.0,42.65357142857142,3793.8328290086765,216.20302862173915,469,14,2,1
487,4522057,43.66063,-104.60157,43.666139,-104.604725,4919.9,21.275862068965516,85183.4538927739,4967583.241417605,2173.936195,2165.0,330.200267,1718.0,42.65357142857142,3793.8328290086765,216.20302862173915,470,14,2,1
488,4522279,43.65258,-104.61697,43.64567,-104.60957,4940.0,21.275862068965516,85183.4538927739,4967583.241417605,3189.523439,2920.0,133.038856,5138.0,42.1,1000.0,129.570062,471,14,2,1
489,4529321,43.58349,-104.51374,43.59435,-104.51289,4778.4,21.275862068965516,85183.4538927739,560660.0,3963.516953,3171.0,4.475352,17899.0,42.65357142857142,71.428571,212.254726,472,25,1,1
490,4529439,43.55219,-104.49222,43.56639,-104.49336,4750.8,20.0,47770.0,2851340.0,5182.924963,4396.0,355.410042,46082.0,43.1,93.333333,216.20302862173915,473,25,1,1
